drug,source tissue,target tissue,feature,pval,iter,feature_dim,Train Accuracy,Train ROC_AUC,Test Accuracy,Test ROC_AUC,Test TN,Test FP,Test FN,Test TP
Atezo,BLCA,KIRC,edge,0.1,0,183,1.0,1.0,0.6190476190476191,0.6444444444444445,21,9,7,5
Atezo,BLCA,KIRC,edge,0.1,1,183,1.0,1.0,0.5952380952380952,0.5972222222222222,20,10,7,5
Atezo,BLCA,KIRC,edge,0.1,2,183,0.952,0.9892506142506142,0.42857142857142855,0.3305555555555556,17,13,11,1
Atezo,BLCA,KIRC,edge,0.1,3,183,1.0,1.0,0.5714285714285714,0.5444444444444445,20,10,8,4
Atezo,BLCA,KIRC,edge,0.1,4,183,1.0,1.0,0.5714285714285714,0.5138888888888888,21,9,9,3
Atezo,BLCA,KIRC,edge,0.1,5,183,1.0,1.0,0.6428571428571429,0.7583333333333333,19,11,4,8
Atezo,BLCA,KIRC,edge,0.1,6,183,1.0,1.0,0.6190476190476191,0.5416666666666666,22,8,8,4
Atezo,BLCA,KIRC,edge,0.1,7,183,0.96,0.9953931203931204,0.6904761904761905,0.6222222222222222,25,5,8,4
Atezo,BLCA,KIRC,edge,0.1,8,183,0.984,0.9993857493857494,0.5952380952380952,0.55,20,10,7,5
Atezo,BLCA,KIRC,edge,0.1,9,183,1.0,1.0,0.7142857142857143,0.6972222222222223,26,4,8,4
Atezo,BLCA,KIRC,edge,0.1,10,183,0.976,1.0,0.6428571428571429,0.6222222222222222,22,8,7,5
Atezo,BLCA,KIRC,edge,0.1,11,183,0.96,0.9966216216216217,0.5952380952380952,0.5305555555555556,20,10,7,5
Atezo,BLCA,KIRC,edge,0.1,12,183,1.0,1.0,0.6190476190476191,0.5333333333333333,25,5,11,1
Atezo,BLCA,KIRC,edge,0.1,13,183,0.992,1.0,0.6428571428571429,0.5527777777777778,23,7,8,4
Atezo,BLCA,KIRC,edge,0.1,14,183,0.992,1.0,0.6666666666666666,0.7222222222222222,24,6,8,4
Atezo,BLCA,KIRC,edge,0.1,15,183,0.944,0.9950859950859952,0.6190476190476191,0.6416666666666667,21,9,7,5
Atezo,BLCA,KIRC,edge,0.1,16,183,0.976,0.9963144963144963,0.5714285714285714,0.6083333333333334,18,12,6,6
Atezo,BLCA,KIRC,edge,0.1,17,183,0.976,0.9963144963144963,0.5714285714285714,0.5416666666666667,19,11,7,5
Atezo,BLCA,KIRC,edge,0.1,18,183,1.0,1.0,0.5714285714285714,0.46111111111111114,24,6,12,0
Atezo,BLCA,KIRC,edge,0.1,19,183,0.944,0.9855651105651106,0.6428571428571429,0.6555555555555556,21,9,6,6
Atezo,BLCA,KIRC,edge,0.1,20,183,1.0,1.0,0.6428571428571429,0.6083333333333334,22,8,7,5
Atezo,BLCA,KIRC,edge,0.1,21,183,1.0,1.0,0.5714285714285714,0.5583333333333333,20,10,8,4
Atezo,BLCA,KIRC,edge,0.1,22,183,0.968,0.9957002457002457,0.5952380952380952,0.5694444444444444,22,8,9,3
Atezo,BLCA,KIRC,edge,0.1,23,183,0.984,0.9938574938574939,0.6428571428571429,0.7027777777777777,18,12,3,9
Atezo,BLCA,KIRC,edge,0.1,24,183,0.96,0.9923218673218673,0.5952380952380952,0.5111111111111111,22,8,9,3
Atezo,BLCA,KIRC,edge,0.1,25,183,0.992,1.0,0.5476190476190477,0.4472222222222222,19,11,8,4
Atezo,BLCA,KIRC,edge,0.1,26,183,0.944,0.9917076167076168,0.6428571428571429,0.65,20,10,5,7
Atezo,BLCA,KIRC,edge,0.1,27,183,0.944,0.9867936117936118,0.6190476190476191,0.5722222222222222,22,8,8,4
Atezo,BLCA,KIRC,edge,0.1,28,183,0.96,0.9963144963144963,0.5476190476190477,0.5111111111111111,19,11,8,4
Atezo,BLCA,KIRC,edge,0.1,29,183,1.0,1.0,0.6904761904761905,0.6916666666666667,24,6,7,5
Atezo,BLCA,KIRC,edge,0.1,30,183,0.968,0.9932432432432433,0.6666666666666666,0.5472222222222223,25,5,9,3
Atezo,BLCA,KIRC,edge,0.1,31,183,0.984,0.9981572481572482,0.5238095238095238,0.5111111111111111,20,10,10,2
Atezo,BLCA,KIRC,edge,0.1,32,183,0.976,0.9996928746928747,0.5714285714285714,0.586111111111111,20,10,8,4
Atezo,BLCA,KIRC,edge,0.1,33,183,0.944,0.995085995085995,0.6190476190476191,0.525,23,7,9,3
Atezo,BLCA,KIRC,edge,0.1,34,183,0.984,0.9990786240786241,0.5714285714285714,0.5972222222222223,19,11,7,5
Atezo,BLCA,KIRC,edge,0.1,35,183,0.984,1.0,0.5476190476190477,0.5722222222222223,18,12,7,5
Atezo,BLCA,KIRC,edge,0.1,36,183,0.944,0.9935503685503686,0.6428571428571429,0.6305555555555555,20,10,5,7
Atezo,BLCA,KIRC,edge,0.1,37,183,1.0,1.0,0.5952380952380952,0.7055555555555555,21,9,8,4
Atezo,BLCA,KIRC,edge,0.1,38,183,1.0,1.0,0.6428571428571429,0.5138888888888888,21,9,6,6
Atezo,BLCA,KIRC,edge,0.1,39,183,0.96,0.9941646191646192,0.5714285714285714,0.5805555555555555,20,10,8,4
Atezo,BLCA,KIRC,edge,0.1,40,183,0.96,0.9975429975429976,0.7857142857142857,0.7555555555555555,27,3,6,6
Atezo,BLCA,KIRC,edge,0.1,41,183,0.984,0.9993857493857494,0.5714285714285714,0.5222222222222223,20,10,8,4
Atezo,BLCA,KIRC,edge,0.1,42,183,0.992,1.0,0.5238095238095238,0.45833333333333337,20,10,10,2
Atezo,BLCA,KIRC,edge,0.1,43,183,0.992,1.0,0.7619047619047619,0.6361111111111112,26,4,6,6
Atezo,BLCA,KIRC,edge,0.1,44,183,0.936,0.9910933660933661,0.5952380952380952,0.6444444444444444,18,12,5,7
Atezo,BLCA,KIRC,edge,0.1,45,183,0.992,1.0,0.5,0.5138888888888888,18,12,9,3
Atezo,BLCA,KIRC,edge,0.1,46,183,0.976,0.9981572481572482,0.5952380952380952,0.5,23,7,10,2
Atezo,BLCA,KIRC,edge,0.1,47,183,0.968,0.9987714987714988,0.5,0.5055555555555555,17,13,8,4
Atezo,BLCA,KIRC,edge,0.1,48,183,0.968,0.9947788697788698,0.7380952380952381,0.5805555555555555,27,3,8,4
Atezo,BLCA,KIRC,edge,0.1,49,183,1.0,1.0,0.5714285714285714,0.5444444444444445,21,9,9,3
Atezo,BLCA,KIRC,edge,0.1,50,183,0.976,0.9993857493857494,0.5714285714285714,0.5361111111111112,21,9,9,3
Atezo,BLCA,KIRC,edge,0.1,51,183,1.0,1.0,0.6904761904761905,0.5666666666666667,25,5,8,4
Atezo,BLCA,KIRC,edge,0.1,52,183,0.96,0.9996928746928747,0.5476190476190477,0.5027777777777778,19,11,8,4
Atezo,BLCA,KIRC,edge,0.1,53,183,0.976,1.0,0.5,0.44999999999999996,18,12,9,3
Atezo,BLCA,KIRC,edge,0.1,54,183,0.984,0.9990786240786241,0.6904761904761905,0.6722222222222222,25,5,8,4
Atezo,BLCA,KIRC,edge,0.1,55,183,1.0,1.0,0.5952380952380952,0.5083333333333333,20,10,7,5
Atezo,BLCA,KIRC,edge,0.1,56,183,0.976,0.9978501228501229,0.6190476190476191,0.7222222222222222,18,12,4,8
Atezo,BLCA,KIRC,edge,0.1,57,183,1.0,1.0,0.5476190476190477,0.5916666666666667,15,15,4,8
Atezo,BLCA,KIRC,edge,0.1,58,183,0.992,1.0,0.7380952380952381,0.7527777777777778,25,5,6,6
Atezo,BLCA,KIRC,edge,0.1,59,183,0.984,1.0,0.5476190476190477,0.5249999999999999,18,12,7,5
Atezo,BLCA,KIRC,edge,0.1,60,183,0.976,0.9969287469287469,0.5238095238095238,0.6722222222222222,14,16,4,8
Atezo,BLCA,KIRC,edge,0.1,61,183,0.984,0.9993857493857494,0.5952380952380952,0.6472222222222221,19,11,6,6
Atezo,BLCA,KIRC,edge,0.1,62,183,0.976,1.0,0.5476190476190477,0.49444444444444446,19,11,8,4
Atezo,BLCA,KIRC,edge,0.1,63,183,1.0,1.0,0.47619047619047616,0.4138888888888889,14,16,6,6
Atezo,BLCA,KIRC,edge,0.1,64,183,0.976,1.0,0.5,0.4388888888888889,19,11,10,2
Atezo,BLCA,KIRC,edge,0.1,65,183,0.976,0.9966216216216216,0.5,0.5611111111111111,17,13,8,4
Atezo,BLCA,KIRC,edge,0.1,66,183,0.984,0.9993857493857494,0.6428571428571429,0.5638888888888889,24,6,9,3
Atezo,BLCA,KIRC,edge,0.1,67,183,1.0,1.0,0.5476190476190477,0.5222222222222221,18,12,7,5
Atezo,BLCA,KIRC,edge,0.1,68,183,0.968,0.9966216216216216,0.6666666666666666,0.5611111111111111,23,7,7,5
Atezo,BLCA,KIRC,edge,0.1,69,183,0.944,0.9938574938574939,0.5714285714285714,0.3944444444444445,23,7,11,1
Atezo,BLCA,KIRC,edge,0.1,70,183,0.992,1.0,0.5238095238095238,0.3694444444444444,21,9,11,1
Atezo,BLCA,KIRC,edge,0.1,71,183,1.0,1.0,0.6190476190476191,0.5805555555555555,22,8,8,4
Atezo,BLCA,KIRC,edge,0.1,72,183,0.96,0.9978501228501229,0.6190476190476191,0.5416666666666666,22,8,8,4
Atezo,BLCA,KIRC,edge,0.1,73,183,0.992,1.0,0.7619047619047619,0.7138888888888889,25,5,5,7
Atezo,BLCA,KIRC,edge,0.1,74,183,0.952,0.9824938574938575,0.6428571428571429,0.6111111111111112,25,5,10,2
Atezo,BLCA,KIRC,edge,0.1,75,183,0.968,1.0,0.6666666666666666,0.6305555555555555,22,8,6,6
Atezo,BLCA,KIRC,edge,0.1,76,183,0.968,0.9987714987714988,0.6190476190476191,0.6027777777777779,20,10,6,6
Atezo,BLCA,KIRC,edge,0.1,77,183,0.992,1.0,0.7142857142857143,0.6472222222222221,24,6,6,6
Atezo,BLCA,KIRC,edge,0.1,78,183,1.0,1.0,0.5476190476190477,0.4611111111111111,20,10,9,3
Atezo,BLCA,KIRC,edge,0.1,79,183,1.0,1.0,0.6428571428571429,0.5833333333333333,21,9,6,6
Atezo,BLCA,KIRC,edge,0.1,80,183,1.0,1.0,0.7380952380952381,0.7388888888888889,24,6,5,7
Atezo,BLCA,KIRC,edge,0.1,81,183,1.0,1.0,0.6428571428571429,0.6138888888888889,24,6,9,3
Atezo,BLCA,KIRC,edge,0.1,82,183,0.96,0.992936117936118,0.5714285714285714,0.5055555555555555,20,10,8,4
Atezo,BLCA,KIRC,edge,0.1,83,183,0.992,1.0,0.47619047619047616,0.47222222222222227,15,15,7,5
Atezo,BLCA,KIRC,edge,0.1,84,183,1.0,1.0,0.5714285714285714,0.5638888888888889,21,9,9,3
Atezo,BLCA,KIRC,edge,0.1,85,183,0.944,0.9901719901719902,0.6190476190476191,0.5361111111111111,23,7,9,3
Atezo,BLCA,KIRC,edge,0.1,86,183,0.984,0.9987714987714987,0.6666666666666666,0.6527777777777778,22,8,6,6
Atezo,BLCA,KIRC,edge,0.1,87,183,0.96,0.9947788697788699,0.5238095238095238,0.46944444444444444,18,12,8,4
Atezo,BLCA,KIRC,edge,0.1,88,183,0.984,1.0,0.6190476190476191,0.6499999999999999,18,12,4,8
Atezo,BLCA,KIRC,edge,0.1,89,183,0.992,1.0,0.5952380952380952,0.611111111111111,18,12,5,7
Atezo,BLCA,KIRC,edge,0.1,90,183,0.976,1.0,0.5714285714285714,0.5388888888888889,18,12,6,6
Atezo,BLCA,KIRC,edge,0.1,91,183,0.992,1.0,0.6904761904761905,0.5805555555555555,25,5,8,4
Atezo,BLCA,KIRC,edge,0.1,92,183,0.984,0.9993857493857494,0.6190476190476191,0.5361111111111112,22,8,8,4
Atezo,BLCA,KIRC,edge,0.1,93,183,0.984,0.9990786240786241,0.5952380952380952,0.5333333333333333,21,9,8,4
Atezo,BLCA,KIRC,edge,0.1,94,183,1.0,1.0,0.5952380952380952,0.4694444444444445,24,6,11,1
Atezo,BLCA,KIRC,edge,0.1,95,183,0.976,0.996007371007371,0.6666666666666666,0.6388888888888888,21,9,5,7
Atezo,BLCA,KIRC,edge,0.1,96,183,0.984,1.0,0.5238095238095238,0.5972222222222223,18,12,8,4
Atezo,BLCA,KIRC,edge,0.1,97,183,0.992,1.0,0.6666666666666666,0.5777777777777777,24,6,8,4
Atezo,BLCA,KIRC,edge,0.1,98,183,1.0,1.0,0.5238095238095238,0.4555555555555556,19,11,9,3
Atezo,BLCA,KIRC,edge,0.1,99,183,1.0,1.0,0.6904761904761905,0.6861111111111111,25,5,8,4
Atezo,BLCA,KIRC,edge-matched-random,0.1,0,183,0.984,1.0,0.5,0.5055555555555555,16,14,7,5
Atezo,BLCA,KIRC,edge-matched-random,0.1,1,183,0.992,1.0,0.5238095238095238,0.49722222222222223,19,11,9,3
Atezo,BLCA,KIRC,edge-matched-random,0.1,2,183,0.96,0.9981572481572483,0.5952380952380952,0.49444444444444446,21,9,8,4
Atezo,BLCA,KIRC,edge-matched-random,0.1,3,183,0.992,1.0,0.6190476190476191,0.5611111111111111,23,7,9,3
Atezo,BLCA,KIRC,edge-matched-random,0.1,4,183,1.0,1.0,0.6190476190476191,0.525,20,10,6,6
Atezo,BLCA,KIRC,edge-matched-random,0.1,5,183,1.0,1.0,0.6190476190476191,0.6027777777777777,22,8,8,4
Atezo,BLCA,KIRC,edge-matched-random,0.1,6,183,0.936,0.9966216216216217,0.5238095238095238,0.4944444444444444,16,14,6,6
Atezo,BLCA,KIRC,edge-matched-random,0.1,7,183,0.96,0.9950859950859952,0.5238095238095238,0.49444444444444446,19,11,9,3
Atezo,BLCA,KIRC,edge-matched-random,0.1,8,183,0.976,0.9990786240786241,0.6428571428571429,0.5194444444444444,23,7,8,4
Atezo,BLCA,KIRC,edge-matched-random,0.1,9,183,0.944,0.9996928746928747,0.6904761904761905,0.6527777777777778,23,7,6,6
Atezo,BLCA,KIRC,edge-matched-random,0.1,10,183,1.0,1.0,0.6190476190476191,0.5805555555555556,20,10,6,6
Atezo,BLCA,KIRC,edge-matched-random,0.1,11,183,1.0,1.0,0.6666666666666666,0.5555555555555555,24,6,8,4
Atezo,BLCA,KIRC,edge-matched-random,0.1,12,183,0.968,0.9984643734643734,0.6190476190476191,0.6222222222222222,21,9,7,5
Atezo,BLCA,KIRC,edge-matched-random,0.1,13,183,0.984,0.9987714987714988,0.6428571428571429,0.6111111111111112,22,8,7,5
Atezo,BLCA,KIRC,edge-matched-random,0.1,14,183,0.968,0.9990786240786241,0.6904761904761905,0.7222222222222222,25,5,8,4
Atezo,BLCA,KIRC,edge-matched-random,0.1,15,183,0.936,0.9944717444717445,0.6904761904761905,0.638888888888889,22,8,5,7
Atezo,BLCA,KIRC,edge-matched-random,0.1,16,183,0.96,0.996007371007371,0.6428571428571429,0.6083333333333334,22,8,7,5
Atezo,BLCA,KIRC,edge-matched-random,0.1,17,183,0.952,0.9984643734643734,0.6666666666666666,0.6,22,8,6,6
Atezo,BLCA,KIRC,edge-matched-random,0.1,18,183,0.96,0.9990786240786241,0.5,0.49444444444444446,19,11,10,2
Atezo,BLCA,KIRC,edge-matched-random,0.1,19,183,1.0,1.0,0.5714285714285714,0.5888888888888889,17,13,5,7
Atezo,BLCA,KIRC,edge-matched-random,0.1,20,183,0.976,1.0,0.6428571428571429,0.5611111111111111,21,9,6,6
Atezo,BLCA,KIRC,edge-matched-random,0.1,21,183,1.0,1.0,0.6666666666666666,0.6166666666666667,23,7,7,5
Atezo,BLCA,KIRC,edge-matched-random,0.1,22,183,1.0,1.0,0.5952380952380952,0.49444444444444446,22,8,9,3
Atezo,BLCA,KIRC,edge-matched-random,0.1,23,183,0.992,1.0,0.5714285714285714,0.6694444444444445,17,13,5,7
Atezo,BLCA,KIRC,edge-matched-random,0.1,24,183,1.0,1.0,0.5714285714285714,0.5638888888888889,20,10,8,4
Atezo,BLCA,KIRC,edge-matched-random,0.1,25,183,1.0,1.0,0.5952380952380952,0.5305555555555556,24,6,11,1
Atezo,BLCA,KIRC,edge-matched-random,0.1,26,183,0.944,0.9966216216216217,0.6428571428571429,0.6833333333333332,21,9,6,6
Atezo,BLCA,KIRC,edge-matched-random,0.1,27,183,0.984,0.9993857493857494,0.5952380952380952,0.525,19,11,6,6
Atezo,BLCA,KIRC,edge-matched-random,0.1,28,183,0.968,1.0,0.5714285714285714,0.4666666666666667,20,10,8,4
Atezo,BLCA,KIRC,edge-matched-random,0.1,29,183,1.0,1.0,0.6428571428571429,0.5555555555555556,20,10,5,7
Atezo,BLCA,KIRC,edge-matched-random,0.1,30,183,0.976,0.9993857493857494,0.5714285714285714,0.5472222222222223,19,11,7,5
Atezo,BLCA,KIRC,edge-matched-random,0.1,31,183,0.952,0.9978501228501229,0.6666666666666666,0.6111111111111112,23,7,7,5
Atezo,BLCA,KIRC,edge-matched-random,0.1,32,183,0.952,0.9981572481572482,0.5714285714285714,0.49999999999999994,21,9,9,3
Atezo,BLCA,KIRC,edge-matched-random,0.1,33,183,0.944,0.9957002457002457,0.6428571428571429,0.5666666666666668,24,6,9,3
Atezo,BLCA,KIRC,edge-matched-random,0.1,34,183,0.976,1.0,0.5714285714285714,0.5583333333333333,18,12,6,6
Atezo,BLCA,KIRC,edge-matched-random,0.1,35,183,1.0,1.0,0.7142857142857143,0.6138888888888888,24,6,6,6
Atezo,BLCA,KIRC,edge-matched-random,0.1,36,183,0.952,0.9978501228501229,0.6666666666666666,0.625,22,8,6,6
Atezo,BLCA,KIRC,edge-matched-random,0.1,37,183,1.0,1.0,0.6666666666666666,0.4527777777777777,24,6,8,4
Atezo,BLCA,KIRC,edge-matched-random,0.1,38,183,0.952,0.992936117936118,0.6428571428571429,0.5555555555555556,23,7,8,4
Atezo,BLCA,KIRC,edge-matched-random,0.1,39,183,1.0,1.0,0.5952380952380952,0.6027777777777779,18,12,5,7
Atezo,BLCA,KIRC,edge-matched-random,0.1,40,183,1.0,1.0,0.7142857142857143,0.7416666666666667,26,4,8,4
Atezo,BLCA,KIRC,edge-matched-random,0.1,41,183,0.968,0.996928746928747,0.7142857142857143,0.6166666666666666,25,5,7,5
Atezo,BLCA,KIRC,edge-matched-random,0.1,42,183,0.976,0.9996928746928747,0.5952380952380952,0.41388888888888886,21,9,8,4
Atezo,BLCA,KIRC,edge-matched-random,0.1,43,183,0.96,0.996928746928747,0.6666666666666666,0.55,24,6,8,4
Atezo,BLCA,KIRC,edge-matched-random,0.1,44,183,0.968,1.0,0.6428571428571429,0.5166666666666666,23,7,8,4
Atezo,BLCA,KIRC,edge-matched-random,0.1,45,183,0.952,0.9963144963144963,0.5952380952380952,0.5833333333333333,18,12,5,7
Atezo,BLCA,KIRC,edge-matched-random,0.1,46,183,0.96,0.9993857493857494,0.6666666666666666,0.5916666666666667,22,8,6,6
Atezo,BLCA,KIRC,edge-matched-random,0.1,47,183,0.992,1.0,0.6666666666666666,0.6361111111111112,20,10,4,8
Atezo,BLCA,KIRC,edge-matched-random,0.1,48,183,1.0,1.0,0.6428571428571429,0.5055555555555555,25,5,10,2
Atezo,BLCA,KIRC,edge-matched-random,0.1,49,183,1.0,1.0,0.5476190476190477,0.3861111111111111,21,9,10,2
Atezo,BLCA,KIRC,edge-matched-random,0.1,50,183,1.0,1.0,0.6190476190476191,0.5194444444444444,20,10,6,6
Atezo,BLCA,KIRC,edge-matched-random,0.1,51,183,0.944,0.9950859950859952,0.6428571428571429,0.6055555555555555,23,7,8,4
Atezo,BLCA,KIRC,edge-matched-random,0.1,52,183,0.952,0.9972358722358722,0.6904761904761905,0.6472222222222223,21,9,4,8
Atezo,BLCA,KIRC,edge-matched-random,0.1,53,183,1.0,1.0,0.6666666666666666,0.5833333333333334,24,6,8,4
Atezo,BLCA,KIRC,edge-matched-random,0.1,54,183,0.984,0.9996928746928747,0.6904761904761905,0.6833333333333333,21,9,4,8
Atezo,BLCA,KIRC,edge-matched-random,0.1,55,183,0.992,1.0,0.6904761904761905,0.6361111111111111,21,9,4,8
Atezo,BLCA,KIRC,edge-matched-random,0.1,56,183,0.992,1.0,0.6428571428571429,0.575,24,6,9,3
Atezo,BLCA,KIRC,edge-matched-random,0.1,57,183,1.0,1.0,0.6666666666666666,0.6583333333333333,24,6,8,4
Atezo,BLCA,KIRC,edge-matched-random,0.1,58,183,0.992,1.0,0.5714285714285714,0.5555555555555556,21,9,9,3
Atezo,BLCA,KIRC,edge-matched-random,0.1,59,183,0.992,1.0,0.5476190476190477,0.586111111111111,19,11,8,4
Atezo,BLCA,KIRC,edge-matched-random,0.1,60,183,0.968,0.9978501228501229,0.5714285714285714,0.5222222222222221,20,10,8,4
Atezo,BLCA,KIRC,edge-matched-random,0.1,61,183,0.96,0.9978501228501229,0.6904761904761905,0.5416666666666667,26,4,9,3
Atezo,BLCA,KIRC,edge-matched-random,0.1,62,183,1.0,1.0,0.6428571428571429,0.5972222222222222,22,8,7,5
Atezo,BLCA,KIRC,edge-matched-random,0.1,63,183,0.968,0.9981572481572482,0.5476190476190477,0.5111111111111111,18,12,7,5
Atezo,BLCA,KIRC,edge-matched-random,0.1,64,183,0.976,0.9993857493857494,0.6190476190476191,0.575,20,10,6,6
Atezo,BLCA,KIRC,edge-matched-random,0.1,65,183,0.976,1.0,0.5714285714285714,0.5416666666666667,21,9,9,3
Atezo,BLCA,KIRC,edge-matched-random,0.1,66,183,0.96,0.9984643734643734,0.5476190476190477,0.5027777777777778,18,12,7,5
Atezo,BLCA,KIRC,edge-matched-random,0.1,67,183,0.976,0.9990786240786241,0.5476190476190477,0.625,19,11,8,4
Atezo,BLCA,KIRC,edge-matched-random,0.1,68,183,0.944,0.996007371007371,0.5952380952380952,0.5055555555555556,20,10,7,5
Atezo,BLCA,KIRC,edge-matched-random,0.1,69,183,0.96,0.9981572481572482,0.6428571428571429,0.49444444444444446,23,7,8,4
Atezo,BLCA,KIRC,edge-matched-random,0.1,70,183,0.992,0.9990786240786241,0.5952380952380952,0.5444444444444444,20,10,7,5
Atezo,BLCA,KIRC,edge-matched-random,0.1,71,183,0.976,1.0,0.5714285714285714,0.5361111111111111,22,8,10,2
Atezo,BLCA,KIRC,edge-matched-random,0.1,72,183,1.0,1.0,0.5476190476190477,0.5277777777777778,20,10,9,3
Atezo,BLCA,KIRC,edge-matched-random,0.1,73,183,0.976,1.0,0.5714285714285714,0.5027777777777778,19,11,7,5
Atezo,BLCA,KIRC,edge-matched-random,0.1,74,183,0.976,0.9993857493857494,0.6904761904761905,0.6333333333333333,24,6,7,5
Atezo,BLCA,KIRC,edge-matched-random,0.1,75,183,0.992,1.0,0.5952380952380952,0.5,20,10,7,5
Atezo,BLCA,KIRC,edge-matched-random,0.1,76,183,0.976,0.9987714987714987,0.6428571428571429,0.625,23,7,8,4
Atezo,BLCA,KIRC,edge-matched-random,0.1,77,183,1.0,1.0,0.5714285714285714,0.5694444444444444,21,9,9,3
Atezo,BLCA,KIRC,edge-matched-random,0.1,78,183,0.984,1.0,0.5714285714285714,0.5777777777777777,20,10,8,4
Atezo,BLCA,KIRC,edge-matched-random,0.1,79,183,1.0,1.0,0.6428571428571429,0.5833333333333333,21,9,6,6
Atezo,BLCA,KIRC,edge-matched-random,0.1,80,183,0.984,0.9996928746928747,0.6190476190476191,0.5527777777777778,22,8,8,4
Atezo,BLCA,KIRC,edge-matched-random,0.1,81,183,0.968,0.9947788697788698,0.47619047619047616,0.4666666666666667,15,15,7,5
Atezo,BLCA,KIRC,edge-matched-random,0.1,82,183,0.952,0.9944717444717445,0.6190476190476191,0.5638888888888889,22,8,8,4
Atezo,BLCA,KIRC,edge-matched-random,0.1,83,183,0.96,0.9984643734643734,0.5952380952380952,0.4555555555555555,20,10,7,5
Atezo,BLCA,KIRC,edge-matched-random,0.1,84,183,0.992,0.9996928746928747,0.5952380952380952,0.6027777777777779,18,12,5,7
Atezo,BLCA,KIRC,edge-matched-random,0.1,85,183,1.0,1.0,0.5714285714285714,0.5166666666666667,20,10,8,4
Atezo,BLCA,KIRC,edge-matched-random,0.1,86,183,1.0,1.0,0.6190476190476191,0.5527777777777778,22,8,8,4
Atezo,BLCA,KIRC,edge-matched-random,0.1,87,183,0.984,0.9984643734643734,0.5952380952380952,0.6305555555555555,20,10,7,5
Atezo,BLCA,KIRC,edge-matched-random,0.1,88,183,0.968,0.9993857493857494,0.5476190476190477,0.4361111111111111,21,9,10,2
Atezo,BLCA,KIRC,edge-matched-random,0.1,89,183,1.0,1.0,0.6428571428571429,0.5222222222222223,25,5,10,2
Atezo,BLCA,KIRC,edge-matched-random,0.1,90,183,1.0,1.0,0.5238095238095238,0.6166666666666667,15,15,5,7
Atezo,BLCA,KIRC,edge-matched-random,0.1,91,183,0.944,0.9957002457002457,0.5476190476190477,0.49722222222222223,18,12,7,5
Atezo,BLCA,KIRC,edge-matched-random,0.1,92,183,0.96,0.9978501228501229,0.47619047619047616,0.4361111111111111,17,13,9,3
Atezo,BLCA,KIRC,edge-matched-random,0.1,93,183,1.0,1.0,0.5714285714285714,0.5611111111111111,20,10,8,4
Atezo,BLCA,KIRC,edge-matched-random,0.1,94,183,1.0,1.0,0.6428571428571429,0.5166666666666667,26,4,11,1
Atezo,BLCA,KIRC,edge-matched-random,0.1,95,183,1.0,1.0,0.5952380952380952,0.5472222222222223,22,8,9,3
Atezo,BLCA,KIRC,edge-matched-random,0.1,96,183,0.952,0.9950859950859952,0.6190476190476191,0.625,22,8,8,4
Atezo,BLCA,KIRC,edge-matched-random,0.1,97,183,0.976,1.0,0.6428571428571429,0.55,23,7,8,4
Atezo,BLCA,KIRC,edge-matched-random,0.1,98,183,0.928,0.9947788697788698,0.6666666666666666,0.6916666666666668,20,10,4,8
Atezo,BLCA,KIRC,edge-matched-random,0.1,99,183,0.976,1.0,0.5476190476190477,0.49722222222222223,19,11,8,4
Atezo,BLCA,KIRC,edge,0.05,0,139,0.992,1.0,0.6904761904761905,0.6555555555555556,21,9,4,8
Atezo,BLCA,KIRC,edge,0.05,1,139,1.0,1.0,0.5238095238095238,0.5361111111111111,18,12,8,4
Atezo,BLCA,KIRC,edge,0.05,2,139,0.992,1.0,0.5238095238095238,0.5527777777777778,17,13,7,5
Atezo,BLCA,KIRC,edge,0.05,3,139,0.992,1.0,0.5476190476190477,0.5083333333333333,20,10,9,3
Atezo,BLCA,KIRC,edge,0.05,4,139,0.96,0.9950859950859952,0.6428571428571429,0.6388888888888888,19,11,4,8
Atezo,BLCA,KIRC,edge,0.05,5,139,0.928,0.9898648648648649,0.5714285714285714,0.5416666666666666,20,10,8,4
Atezo,BLCA,KIRC,edge,0.05,6,139,0.976,0.9923218673218673,0.7142857142857143,0.5805555555555555,27,3,9,3
Atezo,BLCA,KIRC,edge,0.05,7,139,0.944,0.9877149877149878,0.6428571428571429,0.7055555555555555,21,9,6,6
Atezo,BLCA,KIRC,edge,0.05,8,139,0.936,0.9907862407862408,0.6428571428571429,0.5972222222222222,23,7,8,4
Atezo,BLCA,KIRC,edge,0.05,9,139,0.968,0.9975429975429976,0.6190476190476191,0.6916666666666667,19,11,5,7
Atezo,BLCA,KIRC,edge,0.05,10,139,0.96,0.9914004914004915,0.5952380952380952,0.6861111111111111,19,11,6,6
Atezo,BLCA,KIRC,edge,0.05,11,139,0.992,1.0,0.5476190476190477,0.45555555555555555,20,10,9,3
Atezo,BLCA,KIRC,edge,0.05,12,139,0.992,1.0,0.5476190476190477,0.5694444444444444,18,12,7,5
Atezo,BLCA,KIRC,edge,0.05,13,139,1.0,1.0,0.6428571428571429,0.5555555555555556,23,7,8,4
Atezo,BLCA,KIRC,edge,0.05,14,139,0.952,0.9963144963144963,0.5714285714285714,0.5472222222222223,20,10,8,4
Atezo,BLCA,KIRC,edge,0.05,15,139,0.952,0.981879606879607,0.5952380952380952,0.5861111111111111,20,10,7,5
Atezo,BLCA,KIRC,edge,0.05,16,139,0.928,0.9966216216216216,0.6666666666666666,0.7833333333333333,22,8,6,6
Atezo,BLCA,KIRC,edge,0.05,17,139,0.984,0.9993857493857494,0.5952380952380952,0.4888888888888889,21,9,8,4
Atezo,BLCA,KIRC,edge,0.05,18,139,0.984,0.9996928746928747,0.6904761904761905,0.6805555555555556,23,7,6,6
Atezo,BLCA,KIRC,edge,0.05,19,139,0.984,0.9996928746928747,0.6428571428571429,0.6916666666666667,23,7,8,4
Atezo,BLCA,KIRC,edge,0.05,20,139,0.984,1.0,0.7380952380952381,0.7555555555555555,27,3,8,4
Atezo,BLCA,KIRC,edge,0.05,21,139,0.992,1.0,0.5714285714285714,0.5777777777777777,20,10,8,4
Atezo,BLCA,KIRC,edge,0.05,22,139,0.96,0.9944717444717445,0.5476190476190477,0.5499999999999999,19,11,8,4
Atezo,BLCA,KIRC,edge,0.05,23,139,0.968,0.9987714987714988,0.6666666666666666,0.6333333333333333,24,6,8,4
Atezo,BLCA,KIRC,edge,0.05,24,139,0.984,0.9993857493857494,0.6428571428571429,0.6416666666666666,21,9,6,6
Atezo,BLCA,KIRC,edge,0.05,25,139,0.968,0.9926289926289926,0.5714285714285714,0.5083333333333333,20,10,8,4
Atezo,BLCA,KIRC,edge,0.05,26,139,0.992,1.0,0.5952380952380952,0.6361111111111111,20,10,7,5
Atezo,BLCA,KIRC,edge,0.05,27,139,0.936,0.9996928746928747,0.5476190476190477,0.5333333333333333,20,10,9,3
Atezo,BLCA,KIRC,edge,0.05,28,139,0.912,0.9818796068796068,0.6666666666666666,0.6000000000000001,23,7,7,5
Atezo,BLCA,KIRC,edge,0.05,29,139,1.0,1.0,0.5952380952380952,0.6333333333333333,21,9,8,4
Atezo,BLCA,KIRC,edge,0.05,30,139,0.992,1.0,0.6428571428571429,0.6666666666666666,23,7,8,4
Atezo,BLCA,KIRC,edge,0.05,31,139,0.944,0.9803439803439804,0.7142857142857143,0.65,24,6,6,6
Atezo,BLCA,KIRC,edge,0.05,32,139,1.0,1.0,0.6428571428571429,0.6444444444444445,21,9,6,6
Atezo,BLCA,KIRC,edge,0.05,33,139,0.984,0.9975429975429976,0.6190476190476191,0.6138888888888888,22,8,8,4
Atezo,BLCA,KIRC,edge,0.05,34,139,0.968,0.9923218673218673,0.5476190476190477,0.5527777777777778,18,12,7,5
Atezo,BLCA,KIRC,edge,0.05,35,139,0.912,0.9892506142506142,0.47619047619047616,0.675,13,17,5,7
Atezo,BLCA,KIRC,edge,0.05,36,139,0.984,1.0,0.7380952380952381,0.6583333333333333,27,3,8,4
Atezo,BLCA,KIRC,edge,0.05,37,139,0.976,1.0,0.6428571428571429,0.6972222222222222,22,8,7,5
Atezo,BLCA,KIRC,edge,0.05,38,139,0.936,0.9834152334152335,0.5714285714285714,0.6055555555555556,18,12,6,6
Atezo,BLCA,KIRC,edge,0.05,39,139,0.984,1.0,0.7619047619047619,0.7333333333333333,25,5,5,7
Atezo,BLCA,KIRC,edge,0.05,40,139,0.96,0.9990786240786241,0.6190476190476191,0.6222222222222222,19,11,5,7
Atezo,BLCA,KIRC,edge,0.05,41,139,0.944,0.9917076167076168,0.6428571428571429,0.6472222222222223,21,9,6,6
Atezo,BLCA,KIRC,edge,0.05,42,139,0.936,0.9917076167076168,0.6428571428571429,0.5611111111111111,23,7,8,4
Atezo,BLCA,KIRC,edge,0.05,43,139,0.984,1.0,0.7380952380952381,0.65,25,5,6,6
Atezo,BLCA,KIRC,edge,0.05,44,139,0.936,0.9914004914004914,0.5238095238095238,0.45833333333333337,18,12,8,4
Atezo,BLCA,KIRC,edge,0.05,45,139,0.976,0.9990786240786241,0.6190476190476191,0.6222222222222222,20,10,6,6
Atezo,BLCA,KIRC,edge,0.05,46,139,0.984,0.9978501228501229,0.5714285714285714,0.5472222222222223,20,10,8,4
Atezo,BLCA,KIRC,edge,0.05,47,139,0.944,0.9947788697788699,0.5,0.4527777777777778,18,12,9,3
Atezo,BLCA,KIRC,edge,0.05,48,139,0.904,0.984029484029484,0.6904761904761905,0.6416666666666666,22,8,5,7
Atezo,BLCA,KIRC,edge,0.05,49,139,0.984,0.9990786240786241,0.6428571428571429,0.625,21,9,6,6
Atezo,BLCA,KIRC,edge,0.05,50,139,0.952,0.9923218673218673,0.7142857142857143,0.6,24,6,6,6
Atezo,BLCA,KIRC,edge,0.05,51,139,0.968,0.9932432432432433,0.6190476190476191,0.5611111111111111,22,8,8,4
Atezo,BLCA,KIRC,edge,0.05,52,139,0.968,0.9987714987714987,0.6666666666666666,0.6916666666666667,22,8,6,6
Atezo,BLCA,KIRC,edge,0.05,53,139,0.976,1.0,0.6904761904761905,0.6166666666666667,26,4,9,3
Atezo,BLCA,KIRC,edge,0.05,54,139,0.992,1.0,0.5714285714285714,0.5388888888888889,21,9,9,3
Atezo,BLCA,KIRC,edge,0.05,55,139,0.968,0.9963144963144963,0.47619047619047616,0.46666666666666673,17,13,9,3
Atezo,BLCA,KIRC,edge,0.05,56,139,0.952,0.995085995085995,0.7619047619047619,0.7722222222222223,24,6,4,8
Atezo,BLCA,KIRC,edge,0.05,57,139,0.984,0.9963144963144963,0.6428571428571429,0.6277777777777778,20,10,5,7
Atezo,BLCA,KIRC,edge,0.05,58,139,1.0,1.0,0.5,0.6333333333333333,16,14,7,5
Atezo,BLCA,KIRC,edge,0.05,59,139,0.992,1.0,0.7142857142857143,0.625,25,5,7,5
Atezo,BLCA,KIRC,edge,0.05,60,139,0.936,0.9818796068796068,0.6428571428571429,0.7111111111111111,20,10,5,7
Atezo,BLCA,KIRC,edge,0.05,61,139,0.992,1.0,0.5714285714285714,0.5444444444444445,21,9,9,3
Atezo,BLCA,KIRC,edge,0.05,62,139,0.92,0.9886363636363636,0.6428571428571429,0.7166666666666667,19,11,4,8
Atezo,BLCA,KIRC,edge,0.05,63,139,0.984,1.0,0.5714285714285714,0.5388888888888889,19,11,7,5
Atezo,BLCA,KIRC,edge,0.05,64,139,0.912,0.9947788697788699,0.5952380952380952,0.6138888888888888,20,10,7,5
Atezo,BLCA,KIRC,edge,0.05,65,139,0.968,0.9938574938574939,0.6190476190476191,0.6055555555555556,20,10,6,6
Atezo,BLCA,KIRC,edge,0.05,66,139,0.928,0.980036855036855,0.6666666666666666,0.5833333333333334,23,7,7,5
Atezo,BLCA,KIRC,edge,0.05,67,139,0.96,0.995085995085995,0.7142857142857143,0.6166666666666667,24,6,6,6
Atezo,BLCA,KIRC,edge,0.05,68,139,0.952,0.9981572481572482,0.5238095238095238,0.5916666666666667,16,14,6,6
Atezo,BLCA,KIRC,edge,0.05,69,139,0.992,1.0,0.5,0.6000000000000001,14,16,5,7
Atezo,BLCA,KIRC,edge,0.05,70,139,0.992,1.0,0.5714285714285714,0.675,19,11,7,5
Atezo,BLCA,KIRC,edge,0.05,71,139,0.984,0.9987714987714987,0.6428571428571429,0.6277777777777778,22,8,7,5
Atezo,BLCA,KIRC,edge,0.05,72,139,0.968,0.9993857493857494,0.5952380952380952,0.5222222222222221,20,10,7,5
Atezo,BLCA,KIRC,edge,0.05,73,139,0.944,0.9735872235872236,0.6190476190476191,0.6861111111111111,22,8,8,4
Atezo,BLCA,KIRC,edge,0.05,74,139,0.984,1.0,0.6666666666666666,0.6111111111111112,25,5,9,3
Atezo,BLCA,KIRC,edge,0.05,75,139,0.968,0.9987714987714987,0.5714285714285714,0.6166666666666667,19,11,7,5
Atezo,BLCA,KIRC,edge,0.05,76,139,0.944,0.9824938574938575,0.6666666666666666,0.6222222222222222,22,8,6,6
Atezo,BLCA,KIRC,edge,0.05,77,139,0.968,0.9981572481572482,0.7380952380952381,0.6305555555555555,27,3,8,4
Atezo,BLCA,KIRC,edge,0.05,78,139,0.976,0.9996928746928747,0.5238095238095238,0.5583333333333333,16,14,6,6
Atezo,BLCA,KIRC,edge,0.05,79,139,0.944,0.9846437346437347,0.6428571428571429,0.6444444444444444,22,8,7,5
Atezo,BLCA,KIRC,edge,0.05,80,139,0.992,0.9993857493857494,0.6190476190476191,0.6305555555555555,20,10,6,6
Atezo,BLCA,KIRC,edge,0.05,81,139,0.992,1.0,0.6428571428571429,0.7666666666666666,20,10,5,7
Atezo,BLCA,KIRC,edge,0.05,82,139,1.0,1.0,0.6666666666666666,0.6888888888888889,21,9,5,7
Atezo,BLCA,KIRC,edge,0.05,83,139,0.984,1.0,0.5952380952380952,0.5583333333333333,20,10,7,5
Atezo,BLCA,KIRC,edge,0.05,84,139,1.0,1.0,0.6666666666666666,0.7222222222222222,23,7,7,5
Atezo,BLCA,KIRC,edge,0.05,85,139,1.0,1.0,0.7142857142857143,0.6916666666666668,22,8,4,8
Atezo,BLCA,KIRC,edge,0.05,86,139,0.928,0.9926289926289927,0.5,0.55,16,14,7,5
Atezo,BLCA,KIRC,edge,0.05,87,139,0.984,0.9996928746928747,0.6190476190476191,0.6055555555555555,19,11,5,7
Atezo,BLCA,KIRC,edge,0.05,88,139,0.968,0.9886363636363636,0.6428571428571429,0.6361111111111111,21,9,6,6
Atezo,BLCA,KIRC,edge,0.05,89,139,0.984,0.9996928746928747,0.6904761904761905,0.5583333333333333,25,5,8,4
Atezo,BLCA,KIRC,edge,0.05,90,139,0.976,1.0,0.6428571428571429,0.5472222222222223,23,7,8,4
Atezo,BLCA,KIRC,edge,0.05,91,139,0.984,0.9938574938574939,0.6428571428571429,0.6166666666666667,20,10,5,7
Atezo,BLCA,KIRC,edge,0.05,92,139,0.92,0.9843366093366094,0.5952380952380952,0.6277777777777778,18,12,5,7
Atezo,BLCA,KIRC,edge,0.05,93,139,0.968,0.9975429975429976,0.5476190476190477,0.5416666666666667,18,12,7,5
Atezo,BLCA,KIRC,edge,0.05,94,139,0.992,1.0,0.6428571428571429,0.6722222222222222,21,9,6,6
Atezo,BLCA,KIRC,edge,0.05,95,139,0.952,0.9932432432432433,0.6190476190476191,0.6583333333333333,19,11,5,7
Atezo,BLCA,KIRC,edge,0.05,96,139,0.936,0.980958230958231,0.7142857142857143,0.6333333333333333,25,5,7,5
Atezo,BLCA,KIRC,edge,0.05,97,139,0.984,1.0,0.5714285714285714,0.6388888888888888,19,11,7,5
Atezo,BLCA,KIRC,edge,0.05,98,139,0.936,0.9963144963144963,0.5714285714285714,0.5444444444444445,19,11,7,5
Atezo,BLCA,KIRC,edge,0.05,99,139,0.936,0.9763513513513513,0.6666666666666666,0.6305555555555555,23,7,7,5
Atezo,BLCA,KIRC,edge-matched-random,0.05,0,139,0.976,0.9953931203931204,0.6428571428571429,0.6138888888888888,21,9,6,6
Atezo,BLCA,KIRC,edge-matched-random,0.05,1,139,1.0,1.0,0.5238095238095238,0.5722222222222222,17,13,7,5
Atezo,BLCA,KIRC,edge-matched-random,0.05,2,139,0.944,1.0,0.5476190476190477,0.5333333333333333,17,13,6,6
Atezo,BLCA,KIRC,edge-matched-random,0.05,3,139,0.952,0.9953931203931204,0.6190476190476191,0.6722222222222223,20,10,6,6
Atezo,BLCA,KIRC,edge-matched-random,0.05,4,139,1.0,1.0,0.5,0.5611111111111111,17,13,8,4
Atezo,BLCA,KIRC,edge-matched-random,0.05,5,139,0.96,0.9990786240786241,0.5,0.43333333333333335,17,13,8,4
Atezo,BLCA,KIRC,edge-matched-random,0.05,6,139,0.952,0.9914004914004915,0.5476190476190477,0.5805555555555556,18,12,7,5
Atezo,BLCA,KIRC,edge-matched-random,0.05,7,139,0.952,0.9910933660933662,0.7142857142857143,0.6833333333333333,25,5,7,5
Atezo,BLCA,KIRC,edge-matched-random,0.05,8,139,0.952,0.9953931203931204,0.6666666666666666,0.5527777777777778,24,6,8,4
Atezo,BLCA,KIRC,edge-matched-random,0.05,9,139,1.0,1.0,0.6428571428571429,0.6666666666666667,22,8,7,5
Atezo,BLCA,KIRC,edge-matched-random,0.05,10,139,0.984,1.0,0.5714285714285714,0.5277777777777777,19,11,7,5
Atezo,BLCA,KIRC,edge-matched-random,0.05,11,139,1.0,1.0,0.5238095238095238,0.4583333333333333,18,12,8,4
Atezo,BLCA,KIRC,edge-matched-random,0.05,12,139,0.952,0.996928746928747,0.5714285714285714,0.5305555555555556,20,10,8,4
Atezo,BLCA,KIRC,edge-matched-random,0.05,13,139,0.928,0.996928746928747,0.5476190476190477,0.5888888888888889,17,13,6,6
Atezo,BLCA,KIRC,edge-matched-random,0.05,14,139,0.928,0.9837223587223587,0.5476190476190477,0.5861111111111111,17,13,6,6
Atezo,BLCA,KIRC,edge-matched-random,0.05,15,139,0.912,0.984029484029484,0.6904761904761905,0.7916666666666666,23,7,6,6
Atezo,BLCA,KIRC,edge-matched-random,0.05,16,139,0.968,1.0,0.5238095238095238,0.42500000000000004,19,11,9,3
Atezo,BLCA,KIRC,edge-matched-random,0.05,17,139,0.984,0.9996928746928747,0.6190476190476191,0.5833333333333334,20,10,6,6
Atezo,BLCA,KIRC,edge-matched-random,0.05,18,139,0.944,0.9904791154791155,0.5952380952380952,0.5277777777777778,22,8,9,3
Atezo,BLCA,KIRC,edge-matched-random,0.05,19,139,1.0,1.0,0.6428571428571429,0.6777777777777778,23,7,8,4
Atezo,BLCA,KIRC,edge-matched-random,0.05,20,139,0.92,0.9895577395577395,0.6190476190476191,0.5694444444444444,22,8,8,4
Atezo,BLCA,KIRC,edge-matched-random,0.05,21,139,0.992,1.0,0.6428571428571429,0.5861111111111111,20,10,5,7
Atezo,BLCA,KIRC,edge-matched-random,0.05,22,139,1.0,1.0,0.6666666666666666,0.6055555555555556,23,7,7,5
Atezo,BLCA,KIRC,edge-matched-random,0.05,23,139,1.0,1.0,0.6190476190476191,0.5916666666666666,22,8,8,4
Atezo,BLCA,KIRC,edge-matched-random,0.05,24,139,0.992,1.0,0.6666666666666666,0.65,26,4,10,2
Atezo,BLCA,KIRC,edge-matched-random,0.05,25,139,0.984,1.0,0.5,0.5583333333333333,15,15,6,6
Atezo,BLCA,KIRC,edge-matched-random,0.05,26,139,1.0,1.0,0.6904761904761905,0.6944444444444444,22,8,5,7
Atezo,BLCA,KIRC,edge-matched-random,0.05,27,139,0.992,1.0,0.5238095238095238,0.5611111111111111,18,12,8,4
Atezo,BLCA,KIRC,edge-matched-random,0.05,28,139,1.0,1.0,0.6190476190476191,0.575,19,11,5,7
Atezo,BLCA,KIRC,edge-matched-random,0.05,29,139,0.952,0.9966216216216216,0.6428571428571429,0.6250000000000001,23,7,8,4
Atezo,BLCA,KIRC,edge-matched-random,0.05,30,139,0.984,1.0,0.42857142857142855,0.3916666666666667,15,15,9,3
Atezo,BLCA,KIRC,edge-matched-random,0.05,31,139,0.952,0.9935503685503686,0.6428571428571429,0.6000000000000001,22,8,7,5
Atezo,BLCA,KIRC,edge-matched-random,0.05,32,139,1.0,1.0,0.6428571428571429,0.6805555555555556,21,9,6,6
Atezo,BLCA,KIRC,edge-matched-random,0.05,33,139,0.968,0.9938574938574939,0.5952380952380952,0.5472222222222223,22,8,9,3
Atezo,BLCA,KIRC,edge-matched-random,0.05,34,139,0.976,0.9981572481572482,0.7142857142857143,0.6972222222222222,24,6,6,6
Atezo,BLCA,KIRC,edge-matched-random,0.05,35,139,0.928,0.9803439803439803,0.6904761904761905,0.6555555555555556,22,8,5,7
Atezo,BLCA,KIRC,edge-matched-random,0.05,36,139,0.992,0.9987714987714987,0.5476190476190477,0.5055555555555555,20,10,9,3
Atezo,BLCA,KIRC,edge-matched-random,0.05,37,139,0.968,0.9981572481572482,0.5952380952380952,0.6388888888888888,17,13,4,8
Atezo,BLCA,KIRC,edge-matched-random,0.05,38,139,0.952,0.996007371007371,0.5952380952380952,0.5472222222222223,20,10,7,5
Atezo,BLCA,KIRC,edge-matched-random,0.05,39,139,1.0,1.0,0.5476190476190477,0.5916666666666667,18,12,7,5
Atezo,BLCA,KIRC,edge-matched-random,0.05,40,139,0.96,0.9953931203931204,0.6428571428571429,0.6222222222222222,22,8,7,5
Atezo,BLCA,KIRC,edge-matched-random,0.05,41,139,0.968,0.9996928746928747,0.6428571428571429,0.525,22,8,7,5
Atezo,BLCA,KIRC,edge-matched-random,0.05,42,139,0.992,1.0,0.6666666666666666,0.6722222222222223,21,9,5,7
Atezo,BLCA,KIRC,edge-matched-random,0.05,43,139,1.0,1.0,0.5476190476190477,0.5388888888888889,20,10,9,3
Atezo,BLCA,KIRC,edge-matched-random,0.05,44,139,0.952,0.9972358722358723,0.6666666666666666,0.6,24,6,8,4
Atezo,BLCA,KIRC,edge-matched-random,0.05,45,139,0.944,0.9947788697788699,0.5476190476190477,0.4916666666666667,17,13,6,6
Atezo,BLCA,KIRC,edge-matched-random,0.05,46,139,0.952,0.9923218673218673,0.5952380952380952,0.538888888888889,23,7,10,2
Atezo,BLCA,KIRC,edge-matched-random,0.05,47,139,0.992,1.0,0.5714285714285714,0.5388888888888889,23,7,11,1
Atezo,BLCA,KIRC,edge-matched-random,0.05,48,139,0.928,0.9907862407862409,0.5238095238095238,0.4722222222222222,20,10,10,2
Atezo,BLCA,KIRC,edge-matched-random,0.05,49,139,1.0,1.0,0.5714285714285714,0.6361111111111111,18,12,6,6
Atezo,BLCA,KIRC,edge-matched-random,0.05,50,139,1.0,1.0,0.5714285714285714,0.6777777777777778,16,14,4,8
Atezo,BLCA,KIRC,edge-matched-random,0.05,51,139,1.0,1.0,0.5952380952380952,0.5777777777777777,19,11,6,6
Atezo,BLCA,KIRC,edge-matched-random,0.05,52,139,1.0,1.0,0.5952380952380952,0.6555555555555556,18,12,5,7
Atezo,BLCA,KIRC,edge-matched-random,0.05,53,139,0.968,1.0,0.5714285714285714,0.6527777777777779,15,15,3,9
Atezo,BLCA,KIRC,edge-matched-random,0.05,54,139,0.976,0.9984643734643734,0.5,0.5833333333333334,16,14,7,5
Atezo,BLCA,KIRC,edge-matched-random,0.05,55,139,0.976,0.9990786240786241,0.5952380952380952,0.6027777777777779,21,9,8,4
Atezo,BLCA,KIRC,edge-matched-random,0.05,56,139,0.944,0.9984643734643734,0.5238095238095238,0.4722222222222222,18,12,8,4
Atezo,BLCA,KIRC,edge-matched-random,0.05,57,139,0.952,0.9957002457002457,0.6904761904761905,0.6222222222222222,26,4,9,3
Atezo,BLCA,KIRC,edge-matched-random,0.05,58,139,0.992,1.0,0.6904761904761905,0.675,24,6,7,5
Atezo,BLCA,KIRC,edge-matched-random,0.05,59,139,0.952,0.9926289926289926,0.5952380952380952,0.55,19,11,6,6
Atezo,BLCA,KIRC,edge-matched-random,0.05,60,139,1.0,1.0,0.7619047619047619,0.6611111111111111,24,6,4,8
Atezo,BLCA,KIRC,edge-matched-random,0.05,61,139,0.944,0.9953931203931204,0.5952380952380952,0.5666666666666667,22,8,9,3
Atezo,BLCA,KIRC,edge-matched-random,0.05,62,139,0.992,1.0,0.6666666666666666,0.5805555555555555,24,6,8,4
Atezo,BLCA,KIRC,edge-matched-random,0.05,63,139,0.968,0.9917076167076168,0.5238095238095238,0.475,18,12,8,4
Atezo,BLCA,KIRC,edge-matched-random,0.05,64,139,0.992,0.9996928746928747,0.5476190476190477,0.55,17,13,6,6
Atezo,BLCA,KIRC,edge-matched-random,0.05,65,139,0.92,0.9923218673218673,0.5,0.5611111111111111,15,15,6,6
Atezo,BLCA,KIRC,edge-matched-random,0.05,66,139,0.976,0.9978501228501229,0.6190476190476191,0.6361111111111111,21,9,7,5
Atezo,BLCA,KIRC,edge-matched-random,0.05,67,139,1.0,1.0,0.5238095238095238,0.5972222222222222,17,13,7,5
Atezo,BLCA,KIRC,edge-matched-random,0.05,68,139,0.992,1.0,0.7619047619047619,0.7749999999999999,22,8,2,10
Atezo,BLCA,KIRC,edge-matched-random,0.05,69,139,1.0,1.0,0.5714285714285714,0.48055555555555557,21,9,9,3
Atezo,BLCA,KIRC,edge-matched-random,0.05,70,139,0.984,0.9996928746928747,0.6190476190476191,0.5444444444444444,22,8,8,4
Atezo,BLCA,KIRC,edge-matched-random,0.05,71,139,1.0,1.0,0.7380952380952381,0.6611111111111111,25,5,6,6
Atezo,BLCA,KIRC,edge-matched-random,0.05,72,139,0.976,0.9963144963144963,0.47619047619047616,0.5083333333333333,16,14,8,4
Atezo,BLCA,KIRC,edge-matched-random,0.05,73,139,0.952,0.9987714987714988,0.5714285714285714,0.49722222222222223,19,11,7,5
Atezo,BLCA,KIRC,edge-matched-random,0.05,74,139,0.936,0.9858722358722358,0.6666666666666666,0.6472222222222223,19,11,3,9
Atezo,BLCA,KIRC,edge-matched-random,0.05,75,139,1.0,1.0,0.4523809523809524,0.37222222222222223,17,13,10,2
Atezo,BLCA,KIRC,edge-matched-random,0.05,76,139,1.0,1.0,0.5476190476190477,0.4722222222222222,21,9,10,2
Atezo,BLCA,KIRC,edge-matched-random,0.05,77,139,0.904,0.9794226044226044,0.6666666666666666,0.6388888888888888,23,7,7,5
Atezo,BLCA,KIRC,edge-matched-random,0.05,78,139,0.992,1.0,0.6666666666666666,0.6527777777777778,23,7,7,5
Atezo,BLCA,KIRC,edge-matched-random,0.05,79,139,0.984,1.0,0.5476190476190477,0.5111111111111111,17,13,6,6
Atezo,BLCA,KIRC,edge-matched-random,0.05,80,139,0.96,0.9944717444717446,0.5,0.5527777777777778,18,12,9,3
Atezo,BLCA,KIRC,edge-matched-random,0.05,81,139,0.968,0.9978501228501229,0.5714285714285714,0.6166666666666666,15,15,3,9
Atezo,BLCA,KIRC,edge-matched-random,0.05,82,139,0.944,0.9972358722358722,0.6190476190476191,0.6472222222222221,20,10,6,6
Atezo,BLCA,KIRC,edge-matched-random,0.05,83,139,1.0,1.0,0.6428571428571429,0.5722222222222223,22,8,7,5
Atezo,BLCA,KIRC,edge-matched-random,0.05,84,139,0.96,0.9963144963144963,0.6190476190476191,0.5916666666666667,18,12,4,8
Atezo,BLCA,KIRC,edge-matched-random,0.05,85,139,0.952,0.9996928746928747,0.5952380952380952,0.5777777777777778,20,10,7,5
Atezo,BLCA,KIRC,edge-matched-random,0.05,86,139,1.0,1.0,0.5952380952380952,0.5472222222222223,21,9,8,4
Atezo,BLCA,KIRC,edge-matched-random,0.05,87,139,0.968,0.9947788697788698,0.5238095238095238,0.5555555555555556,16,14,6,6
Atezo,BLCA,KIRC,edge-matched-random,0.05,88,139,0.976,0.9996928746928747,0.5952380952380952,0.5805555555555556,22,8,9,3
Atezo,BLCA,KIRC,edge-matched-random,0.05,89,139,1.0,1.0,0.6190476190476191,0.5611111111111111,20,10,6,6
Atezo,BLCA,KIRC,edge-matched-random,0.05,90,139,0.96,0.9996928746928747,0.6904761904761905,0.6138888888888889,23,7,6,6
Atezo,BLCA,KIRC,edge-matched-random,0.05,91,139,0.96,0.9981572481572482,0.5476190476190477,0.43888888888888894,20,10,9,3
Atezo,BLCA,KIRC,edge-matched-random,0.05,92,139,0.96,0.9950859950859952,0.6666666666666666,0.6694444444444444,21,9,5,7
Atezo,BLCA,KIRC,edge-matched-random,0.05,93,139,1.0,1.0,0.6190476190476191,0.5944444444444444,19,11,5,7
Atezo,BLCA,KIRC,edge-matched-random,0.05,94,139,0.928,0.9935503685503685,0.6666666666666666,0.6416666666666666,20,10,4,8
Atezo,BLCA,KIRC,edge-matched-random,0.05,95,139,0.912,0.9923218673218673,0.5714285714285714,0.575,17,13,5,7
Atezo,BLCA,KIRC,edge-matched-random,0.05,96,139,1.0,1.0,0.6666666666666666,0.6222222222222222,24,6,8,4
Atezo,BLCA,KIRC,edge-matched-random,0.05,97,139,0.96,0.9941646191646192,0.6190476190476191,0.5583333333333333,23,7,9,3
Atezo,BLCA,KIRC,edge-matched-random,0.05,98,139,1.0,1.0,0.5476190476190477,0.5361111111111111,19,11,8,4
Atezo,BLCA,KIRC,edge-matched-random,0.05,99,139,0.992,1.0,0.6190476190476191,0.5666666666666667,22,8,8,4
Atezo,BLCA,KIRC,edge,0.01,0,39,0.832,0.894041769041769,0.5714285714285714,0.5305555555555554,20,10,8,4
Atezo,BLCA,KIRC,edge,0.01,1,39,0.736,0.8528869778869779,0.47619047619047616,0.4166666666666667,16,14,8,4
Atezo,BLCA,KIRC,edge,0.01,2,39,0.792,0.8673218673218673,0.42857142857142855,0.41388888888888886,16,14,10,2
Atezo,BLCA,KIRC,edge,0.01,3,39,0.784,0.8943488943488944,0.5476190476190477,0.5611111111111111,18,12,7,5
Atezo,BLCA,KIRC,edge,0.01,4,39,0.768,0.867014742014742,0.5,0.44166666666666665,17,13,8,4
Atezo,BLCA,KIRC,edge,0.01,5,39,0.808,0.9069410319410319,0.5714285714285714,0.43611111111111106,21,9,9,3
Atezo,BLCA,KIRC,edge,0.01,6,39,0.744,0.8495085995085995,0.6428571428571429,0.7,20,10,5,7
Atezo,BLCA,KIRC,edge,0.01,7,39,0.752,0.847051597051597,0.7142857142857143,0.6083333333333334,24,6,6,6
Atezo,BLCA,KIRC,edge,0.01,8,39,0.728,0.8473587223587224,0.5238095238095238,0.6222222222222222,16,14,6,6
Atezo,BLCA,KIRC,edge,0.01,9,39,0.728,0.8381449631449631,0.6904761904761905,0.6388888888888888,22,8,5,7
Atezo,BLCA,KIRC,edge,0.01,10,39,0.808,0.8762285012285012,0.5238095238095238,0.5333333333333334,19,11,9,3
Atezo,BLCA,KIRC,edge,0.01,11,39,0.776,0.8381449631449631,0.5476190476190477,0.5833333333333333,15,15,4,8
Atezo,BLCA,KIRC,edge,0.01,12,39,0.848,0.9216830466830468,0.5,0.4,19,11,10,2
Atezo,BLCA,KIRC,edge,0.01,13,39,0.744,0.8338452088452089,0.5476190476190477,0.6611111111111111,17,13,6,6
Atezo,BLCA,KIRC,edge,0.01,14,39,0.744,0.812039312039312,0.7619047619047619,0.6972222222222222,24,6,4,8
Atezo,BLCA,KIRC,edge,0.01,15,39,0.776,0.8651719901719902,0.5476190476190477,0.5416666666666666,20,10,9,3
Atezo,BLCA,KIRC,edge,0.01,16,39,0.744,0.8406019656019657,0.6190476190476191,0.6361111111111111,17,13,3,9
Atezo,BLCA,KIRC,edge,0.01,17,39,0.76,0.8501228501228502,0.5952380952380952,0.5805555555555555,21,9,8,4
Atezo,BLCA,KIRC,edge,0.01,18,39,0.808,0.8673218673218673,0.5714285714285714,0.6833333333333333,15,15,3,9
Atezo,BLCA,KIRC,edge,0.01,19,39,0.776,0.8826781326781328,0.5,0.5027777777777778,15,15,6,6
Atezo,BLCA,KIRC,edge,0.01,20,39,0.76,0.8473587223587223,0.5,0.5833333333333333,16,14,7,5
Atezo,BLCA,KIRC,edge,0.01,21,39,0.816,0.8753071253071253,0.5476190476190477,0.5194444444444444,17,13,6,6
Atezo,BLCA,KIRC,edge,0.01,22,39,0.784,0.8796068796068797,0.6190476190476191,0.6444444444444444,18,12,4,8
Atezo,BLCA,KIRC,edge,0.01,23,39,0.704,0.8003685503685504,0.6190476190476191,0.7416666666666667,18,12,4,8
Atezo,BLCA,KIRC,edge,0.01,24,39,0.792,0.8909705159705159,0.5476190476190477,0.5222222222222223,19,11,8,4
Atezo,BLCA,KIRC,edge,0.01,25,39,0.744,0.832002457002457,0.5714285714285714,0.6638888888888889,19,11,7,5
Atezo,BLCA,KIRC,edge,0.01,26,39,0.832,0.9189189189189189,0.47619047619047616,0.4722222222222222,17,13,9,3
Atezo,BLCA,KIRC,edge,0.01,27,39,0.712,0.8197174447174447,0.5952380952380952,0.6166666666666666,18,12,5,7
Atezo,BLCA,KIRC,edge,0.01,28,39,0.768,0.8642506142506143,0.6904761904761905,0.6833333333333333,25,5,8,4
Atezo,BLCA,KIRC,edge,0.01,29,39,0.8,0.8882063882063882,0.6190476190476191,0.5722222222222222,21,9,7,5
Atezo,BLCA,KIRC,edge,0.01,30,39,0.768,0.8452088452088452,0.5476190476190477,0.5222222222222221,17,13,6,6
Atezo,BLCA,KIRC,edge,0.01,31,39,0.76,0.8498157248157249,0.5714285714285714,0.6666666666666666,17,13,5,7
Atezo,BLCA,KIRC,edge,0.01,32,39,0.76,0.8485872235872236,0.5952380952380952,0.6388888888888888,20,10,7,5
Atezo,BLCA,KIRC,edge,0.01,33,39,0.736,0.8531941031941032,0.5238095238095238,0.6527777777777777,15,15,5,7
Atezo,BLCA,KIRC,edge,0.01,34,39,0.76,0.8700859950859952,0.5952380952380952,0.5944444444444444,20,10,7,5
Atezo,BLCA,KIRC,edge,0.01,35,39,0.8,0.8685503685503686,0.6190476190476191,0.5861111111111111,20,10,6,6
Atezo,BLCA,KIRC,edge,0.01,36,39,0.744,0.8381449631449631,0.6666666666666666,0.6666666666666666,20,10,4,8
Atezo,BLCA,KIRC,edge,0.01,37,39,0.784,0.8513513513513514,0.6190476190476191,0.5638888888888889,19,11,5,7
Atezo,BLCA,KIRC,edge,0.01,38,39,0.776,0.8903562653562653,0.5952380952380952,0.5694444444444444,21,9,8,4
Atezo,BLCA,KIRC,edge,0.01,39,39,0.768,0.8700859950859949,0.6190476190476191,0.6333333333333333,21,9,7,5
Atezo,BLCA,KIRC,edge,0.01,40,39,0.744,0.8713144963144963,0.5952380952380952,0.6083333333333333,20,10,7,5
Atezo,BLCA,KIRC,edge,0.01,41,39,0.776,0.8467444717444718,0.5714285714285714,0.6194444444444445,21,9,9,3
Atezo,BLCA,KIRC,edge,0.01,42,39,0.808,0.8964987714987714,0.5952380952380952,0.5499999999999999,21,9,8,4
Atezo,BLCA,KIRC,edge,0.01,43,39,0.768,0.8679361179361179,0.5952380952380952,0.55,20,10,7,5
Atezo,BLCA,KIRC,edge,0.01,44,39,0.752,0.8436732186732187,0.5714285714285714,0.5583333333333333,18,12,6,6
Atezo,BLCA,KIRC,edge,0.01,45,39,0.792,0.8719287469287469,0.6190476190476191,0.5555555555555556,17,13,3,9
Atezo,BLCA,KIRC,edge,0.01,46,39,0.728,0.8375307125307125,0.5476190476190477,0.5805555555555556,20,10,9,3
Atezo,BLCA,KIRC,edge,0.01,47,39,0.84,0.9170761670761671,0.42857142857142855,0.4166666666666667,12,18,6,6
Atezo,BLCA,KIRC,edge,0.01,48,39,0.792,0.9023341523341524,0.5,0.4444444444444444,17,13,8,4
Atezo,BLCA,KIRC,edge,0.01,49,39,0.72,0.8688574938574939,0.5,0.5611111111111111,16,14,7,5
Atezo,BLCA,KIRC,edge,0.01,50,39,0.864,0.9207616707616708,0.5238095238095238,0.5527777777777778,16,14,6,6
Atezo,BLCA,KIRC,edge,0.01,51,39,0.776,0.875921375921376,0.5952380952380952,0.5944444444444444,17,13,4,8
Atezo,BLCA,KIRC,edge,0.01,52,39,0.736,0.8123464373464373,0.6666666666666666,0.7722222222222221,18,12,2,10
Atezo,BLCA,KIRC,edge,0.01,53,39,0.784,0.8826781326781327,0.5714285714285714,0.49166666666666664,18,12,6,6
Atezo,BLCA,KIRC,edge,0.01,54,39,0.8,0.9004914004914006,0.5476190476190477,0.45555555555555555,20,10,9,3
Atezo,BLCA,KIRC,edge,0.01,55,39,0.752,0.8786855036855037,0.5952380952380952,0.5555555555555556,20,10,7,5
Atezo,BLCA,KIRC,edge,0.01,56,39,0.744,0.8418304668304668,0.5714285714285714,0.6638888888888889,16,14,4,8
Atezo,BLCA,KIRC,edge,0.01,57,39,0.832,0.914004914004914,0.5714285714285714,0.49444444444444446,19,11,7,5
Atezo,BLCA,KIRC,edge,0.01,58,39,0.744,0.836916461916462,0.6190476190476191,0.6111111111111112,20,10,6,6
Atezo,BLCA,KIRC,edge,0.01,59,39,0.76,0.8574938574938574,0.5952380952380952,0.6722222222222222,18,12,5,7
Atezo,BLCA,KIRC,edge,0.01,60,39,0.768,0.8697788697788698,0.5238095238095238,0.5666666666666667,14,16,4,8
Atezo,BLCA,KIRC,edge,0.01,61,39,0.776,0.8897420147420149,0.4523809523809524,0.42777777777777776,17,13,10,2
Atezo,BLCA,KIRC,edge,0.01,62,39,0.784,0.8654791154791155,0.5714285714285714,0.6861111111111111,16,14,4,8
Atezo,BLCA,KIRC,edge,0.01,63,39,0.784,0.8928132678132678,0.5714285714285714,0.575,19,11,7,5
Atezo,BLCA,KIRC,edge,0.01,64,39,0.72,0.8283169533169534,0.6666666666666666,0.6583333333333333,19,11,3,9
Atezo,BLCA,KIRC,edge,0.01,65,39,0.8,0.9011056511056511,0.5714285714285714,0.49444444444444446,20,10,8,4
Atezo,BLCA,KIRC,edge,0.01,66,39,0.8,0.8799140049140048,0.5,0.5472222222222223,15,15,6,6
Atezo,BLCA,KIRC,edge,0.01,67,39,0.784,0.8786855036855037,0.5238095238095238,0.5,19,11,9,3
Atezo,BLCA,KIRC,edge,0.01,68,39,0.768,0.8617936117936118,0.5714285714285714,0.6333333333333333,15,15,3,9
Atezo,BLCA,KIRC,edge,0.01,69,39,0.816,0.9081695331695332,0.5238095238095238,0.48055555555555557,18,12,8,4
Atezo,BLCA,KIRC,edge,0.01,70,39,0.824,0.8998771498771498,0.5476190476190477,0.5472222222222223,17,13,6,6
Atezo,BLCA,KIRC,edge,0.01,71,39,0.76,0.8547297297297296,0.6666666666666666,0.575,24,6,8,4
Atezo,BLCA,KIRC,edge,0.01,72,39,0.848,0.9149262899262899,0.6190476190476191,0.6138888888888889,20,10,6,6
Atezo,BLCA,KIRC,edge,0.01,73,39,0.752,0.8716216216216217,0.5714285714285714,0.6083333333333334,20,10,8,4
Atezo,BLCA,KIRC,edge,0.01,74,39,0.768,0.8725429975429975,0.5476190476190477,0.5916666666666667,18,12,7,5
Atezo,BLCA,KIRC,edge,0.01,75,39,0.816,0.9063267813267815,0.5952380952380952,0.6055555555555556,19,11,6,6
Atezo,BLCA,KIRC,edge,0.01,76,39,0.784,0.9063267813267813,0.42857142857142855,0.5555555555555556,13,17,7,5
Atezo,BLCA,KIRC,edge,0.01,77,39,0.784,0.8651719901719902,0.5714285714285714,0.5888888888888889,20,10,8,4
Atezo,BLCA,KIRC,edge,0.01,78,39,0.792,0.8743857493857494,0.6428571428571429,0.6083333333333334,20,10,5,7
Atezo,BLCA,KIRC,edge,0.01,79,39,0.832,0.8894348894348895,0.47619047619047616,0.5361111111111112,17,13,9,3
Atezo,BLCA,KIRC,edge,0.01,80,39,0.768,0.8445945945945946,0.5476190476190477,0.6055555555555556,17,13,6,6
Atezo,BLCA,KIRC,edge,0.01,81,39,0.752,0.855958230958231,0.6428571428571429,0.6027777777777779,18,12,3,9
Atezo,BLCA,KIRC,edge,0.01,82,39,0.776,0.8728501228501229,0.6428571428571429,0.6000000000000001,20,10,5,7
Atezo,BLCA,KIRC,edge,0.01,83,39,0.768,0.836916461916462,0.5476190476190477,0.6805555555555556,17,13,6,6
Atezo,BLCA,KIRC,edge,0.01,84,39,0.792,0.8765356265356266,0.5238095238095238,0.41944444444444445,18,12,8,4
Atezo,BLCA,KIRC,edge,0.01,85,39,0.768,0.8734643734643734,0.5238095238095238,0.5194444444444445,18,12,8,4
Atezo,BLCA,KIRC,edge,0.01,86,39,0.72,0.8347665847665848,0.5,0.5222222222222221,14,16,5,7
Atezo,BLCA,KIRC,edge,0.01,87,39,0.792,0.8854422604422605,0.47619047619047616,0.49444444444444446,13,17,5,7
Atezo,BLCA,KIRC,edge,0.01,88,39,0.792,0.8796068796068797,0.6190476190476191,0.6027777777777777,22,8,8,4
Atezo,BLCA,KIRC,edge,0.01,89,39,0.8,0.8875921375921376,0.47619047619047616,0.45000000000000007,18,12,10,2
Atezo,BLCA,KIRC,edge,0.01,90,39,0.792,0.8866707616707616,0.5238095238095238,0.5611111111111111,16,14,6,6
Atezo,BLCA,KIRC,edge,0.01,91,39,0.776,0.8578009828009828,0.6190476190476191,0.5527777777777778,21,9,7,5
Atezo,BLCA,KIRC,edge,0.01,92,39,0.704,0.8329238329238329,0.6666666666666666,0.6694444444444445,19,11,3,9
Atezo,BLCA,KIRC,edge,0.01,93,39,0.816,0.9004914004914004,0.6190476190476191,0.5638888888888889,19,11,5,7
Atezo,BLCA,KIRC,edge,0.01,94,39,0.816,0.9063267813267813,0.6428571428571429,0.5583333333333333,21,9,6,6
Atezo,BLCA,KIRC,edge,0.01,95,39,0.712,0.8209459459459459,0.5952380952380952,0.6722222222222222,18,12,5,7
Atezo,BLCA,KIRC,edge,0.01,96,39,0.768,0.8703931203931203,0.6904761904761905,0.6527777777777777,23,7,6,6
Atezo,BLCA,KIRC,edge,0.01,97,39,0.736,0.8495085995085996,0.6666666666666666,0.6083333333333334,23,7,7,5
Atezo,BLCA,KIRC,edge,0.01,98,39,0.76,0.8676289926289926,0.6428571428571429,0.6555555555555556,21,9,6,6
Atezo,BLCA,KIRC,edge,0.01,99,39,0.768,0.8501228501228502,0.6428571428571429,0.7361111111111112,21,9,6,6
Atezo,BLCA,KIRC,edge-matched-random,0.01,0,39,0.752,0.8157248157248158,0.6904761904761905,0.7416666666666668,21,9,4,8
Atezo,BLCA,KIRC,edge-matched-random,0.01,1,39,0.776,0.8759213759213759,0.6190476190476191,0.5444444444444444,20,10,6,6
Atezo,BLCA,KIRC,edge-matched-random,0.01,2,39,0.76,0.8783783783783783,0.5714285714285714,0.5333333333333334,18,12,6,6
Atezo,BLCA,KIRC,edge-matched-random,0.01,3,39,0.768,0.843980343980344,0.5952380952380952,0.5805555555555555,18,12,5,7
Atezo,BLCA,KIRC,edge-matched-random,0.01,4,39,0.752,0.863022113022113,0.5,0.4916666666666667,17,13,8,4
Atezo,BLCA,KIRC,edge-matched-random,0.01,5,39,0.72,0.8123464373464374,0.7142857142857143,0.7194444444444443,23,7,5,7
Atezo,BLCA,KIRC,edge-matched-random,0.01,6,39,0.792,0.875,0.5238095238095238,0.6055555555555556,15,15,5,7
Atezo,BLCA,KIRC,edge-matched-random,0.01,7,39,0.776,0.8571867321867321,0.5238095238095238,0.49722222222222223,18,12,8,4
Atezo,BLCA,KIRC,edge-matched-random,0.01,8,39,0.752,0.8384520884520884,0.5714285714285714,0.6444444444444444,18,12,6,6
Atezo,BLCA,KIRC,edge-matched-random,0.01,9,39,0.736,0.8320024570024571,0.5952380952380952,0.6805555555555555,19,11,6,6
Atezo,BLCA,KIRC,edge-matched-random,0.01,10,39,0.76,0.8535012285012286,0.6428571428571429,0.6888888888888889,19,11,4,8
Atezo,BLCA,KIRC,edge-matched-random,0.01,11,39,0.832,0.8934275184275184,0.6190476190476191,0.5,19,11,5,7
Atezo,BLCA,KIRC,edge-matched-random,0.01,12,39,0.784,0.8602579852579854,0.5238095238095238,0.586111111111111,15,15,5,7
Atezo,BLCA,KIRC,edge-matched-random,0.01,13,39,0.736,0.8547297297297297,0.5476190476190477,0.5138888888888888,19,11,8,4
Atezo,BLCA,KIRC,edge-matched-random,0.01,14,39,0.792,0.8866707616707616,0.6666666666666666,0.5555555555555556,23,7,7,5
Atezo,BLCA,KIRC,edge-matched-random,0.01,15,39,0.832,0.9176904176904177,0.5,0.3555555555555555,18,12,9,3
Atezo,BLCA,KIRC,edge-matched-random,0.01,16,39,0.768,0.8605651105651106,0.6190476190476191,0.6194444444444445,21,9,7,5
Atezo,BLCA,KIRC,edge-matched-random,0.01,17,39,0.84,0.9149262899262899,0.6428571428571429,0.5666666666666667,22,8,7,5
Atezo,BLCA,KIRC,edge-matched-random,0.01,18,39,0.76,0.8722358722358723,0.6190476190476191,0.5944444444444446,20,10,6,6
Atezo,BLCA,KIRC,edge-matched-random,0.01,19,39,0.8,0.9097051597051597,0.4523809523809524,0.3416666666666667,16,14,9,3
Atezo,BLCA,KIRC,edge-matched-random,0.01,20,39,0.752,0.824017199017199,0.7857142857142857,0.8138888888888889,23,7,2,10
Atezo,BLCA,KIRC,edge-matched-random,0.01,21,39,0.816,0.8814496314496315,0.6190476190476191,0.5555555555555556,21,9,7,5
Atezo,BLCA,KIRC,edge-matched-random,0.01,22,39,0.744,0.8703931203931204,0.5714285714285714,0.5777777777777778,19,11,7,5
Atezo,BLCA,KIRC,edge-matched-random,0.01,23,39,0.8,0.8605651105651106,0.47619047619047616,0.5472222222222223,16,14,8,4
Atezo,BLCA,KIRC,edge-matched-random,0.01,24,39,0.792,0.8673218673218673,0.5952380952380952,0.6166666666666667,20,10,7,5
Atezo,BLCA,KIRC,edge-matched-random,0.01,25,39,0.808,0.9075552825552825,0.6666666666666666,0.6222222222222222,22,8,6,6
Atezo,BLCA,KIRC,edge-matched-random,0.01,26,39,0.72,0.8261670761670763,0.5714285714285714,0.5944444444444444,17,13,5,7
Atezo,BLCA,KIRC,edge-matched-random,0.01,27,39,0.72,0.8267813267813268,0.6428571428571429,0.6944444444444444,19,11,4,8
Atezo,BLCA,KIRC,edge-matched-random,0.01,28,39,0.832,0.9014127764127764,0.47619047619047616,0.2833333333333333,18,12,10,2
Atezo,BLCA,KIRC,edge-matched-random,0.01,29,39,0.744,0.8624078624078624,0.5,0.5222222222222223,14,16,5,7
Atezo,BLCA,KIRC,edge-matched-random,0.01,30,39,0.768,0.8654791154791156,0.5714285714285714,0.6444444444444445,16,14,4,8
Atezo,BLCA,KIRC,edge-matched-random,0.01,31,39,0.768,0.867936117936118,0.6904761904761905,0.6555555555555556,23,7,6,6
Atezo,BLCA,KIRC,edge-matched-random,0.01,32,39,0.752,0.8578009828009828,0.6428571428571429,0.6416666666666666,18,12,3,9
Atezo,BLCA,KIRC,edge-matched-random,0.01,33,39,0.768,0.875,0.6428571428571429,0.6138888888888888,21,9,6,6
Atezo,BLCA,KIRC,edge-matched-random,0.01,34,39,0.808,0.879914004914005,0.5952380952380952,0.47777777777777775,18,12,5,7
Atezo,BLCA,KIRC,edge-matched-random,0.01,35,39,0.84,0.8906633906633906,0.5714285714285714,0.5777777777777777,18,12,6,6
Atezo,BLCA,KIRC,edge-matched-random,0.01,36,39,0.752,0.8203316953316953,0.6190476190476191,0.6388888888888888,20,10,6,6
Atezo,BLCA,KIRC,edge-matched-random,0.01,37,39,0.792,0.8811425061425062,0.5952380952380952,0.5111111111111111,21,9,8,4
Atezo,BLCA,KIRC,edge-matched-random,0.01,38,39,0.792,0.8633292383292384,0.5238095238095238,0.5805555555555555,16,14,6,6
Atezo,BLCA,KIRC,edge-matched-random,0.01,39,39,0.816,0.8897420147420148,0.6428571428571429,0.6027777777777779,22,8,7,5
Atezo,BLCA,KIRC,edge-matched-random,0.01,40,39,0.8,0.8703931203931204,0.6190476190476191,0.586111111111111,20,10,6,6
Atezo,BLCA,KIRC,edge-matched-random,0.01,41,39,0.784,0.8743857493857494,0.5952380952380952,0.5972222222222222,18,12,5,7
Atezo,BLCA,KIRC,edge-matched-random,0.01,42,39,0.784,0.8952702702702703,0.5476190476190477,0.5444444444444444,18,12,7,5
Atezo,BLCA,KIRC,edge-matched-random,0.01,43,39,0.776,0.8608722358722359,0.6428571428571429,0.5583333333333332,21,9,6,6
Atezo,BLCA,KIRC,edge-matched-random,0.01,44,39,0.736,0.8310810810810811,0.6190476190476191,0.6722222222222223,22,8,8,4
Atezo,BLCA,KIRC,edge-matched-random,0.01,45,39,0.768,0.8301597051597052,0.5952380952380952,0.6527777777777777,18,12,5,7
Atezo,BLCA,KIRC,edge-matched-random,0.01,46,39,0.792,0.8799140049140048,0.5,0.45833333333333337,18,12,9,3
Atezo,BLCA,KIRC,edge-matched-random,0.01,47,39,0.76,0.8455159705159705,0.5238095238095238,0.6055555555555556,17,13,7,5
Atezo,BLCA,KIRC,edge-matched-random,0.01,48,39,0.784,0.8691646191646192,0.6666666666666666,0.5638888888888889,23,7,7,5
Atezo,BLCA,KIRC,edge-matched-random,0.01,49,39,0.704,0.8350737100737101,0.6190476190476191,0.6861111111111111,18,12,4,8
Atezo,BLCA,KIRC,edge-matched-random,0.01,50,39,0.816,0.9004914004914005,0.5952380952380952,0.5444444444444445,19,11,6,6
Atezo,BLCA,KIRC,edge-matched-random,0.01,51,39,0.776,0.8765356265356266,0.40476190476190477,0.4111111111111111,13,17,8,4
Atezo,BLCA,KIRC,edge-matched-random,0.01,52,39,0.752,0.8525798525798526,0.5714285714285714,0.5972222222222223,20,10,8,4
Atezo,BLCA,KIRC,edge-matched-random,0.01,53,39,0.744,0.851965601965602,0.6428571428571429,0.5944444444444444,19,11,4,8
Atezo,BLCA,KIRC,edge-matched-random,0.01,54,39,0.744,0.8261670761670762,0.5952380952380952,0.5944444444444444,19,11,6,6
Atezo,BLCA,KIRC,edge-matched-random,0.01,55,39,0.744,0.8277027027027026,0.6428571428571429,0.7444444444444445,20,10,5,7
Atezo,BLCA,KIRC,edge-matched-random,0.01,56,39,0.752,0.8522727272727273,0.6190476190476191,0.5666666666666667,19,11,5,7
Atezo,BLCA,KIRC,edge-matched-random,0.01,57,39,0.784,0.8900491400491399,0.5238095238095238,0.5638888888888889,17,13,7,5
Atezo,BLCA,KIRC,edge-matched-random,0.01,58,39,0.76,0.8731572481572482,0.47619047619047616,0.5166666666666666,14,16,6,6
Atezo,BLCA,KIRC,edge-matched-random,0.01,59,39,0.728,0.8261670761670762,0.5714285714285714,0.6194444444444445,19,11,7,5
Atezo,BLCA,KIRC,edge-matched-random,0.01,60,39,0.808,0.8835995085995086,0.5,0.5111111111111111,17,13,8,4
Atezo,BLCA,KIRC,edge-matched-random,0.01,61,39,0.816,0.8762285012285013,0.6666666666666666,0.6472222222222223,23,7,7,5
Atezo,BLCA,KIRC,edge-matched-random,0.01,62,39,0.808,0.8786855036855037,0.4523809523809524,0.5888888888888889,9,21,2,10
Atezo,BLCA,KIRC,edge-matched-random,0.01,63,39,0.792,0.8854422604422605,0.5238095238095238,0.5111111111111111,14,16,4,8
Atezo,BLCA,KIRC,edge-matched-random,0.01,64,39,0.784,0.8587223587223587,0.7142857142857143,0.5888888888888888,25,5,7,5
Atezo,BLCA,KIRC,edge-matched-random,0.01,65,39,0.792,0.8648648648648649,0.5476190476190477,0.5361111111111111,17,13,6,6
Atezo,BLCA,KIRC,edge-matched-random,0.01,66,39,0.744,0.828931203931204,0.5238095238095238,0.5138888888888888,18,12,8,4
Atezo,BLCA,KIRC,edge-matched-random,0.01,67,39,0.784,0.8854422604422604,0.47619047619047616,0.5527777777777778,15,15,7,5
Atezo,BLCA,KIRC,edge-matched-random,0.01,68,39,0.784,0.863022113022113,0.40476190476190477,0.4722222222222222,11,19,6,6
Atezo,BLCA,KIRC,edge-matched-random,0.01,69,39,0.776,0.8574938574938576,0.5238095238095238,0.47500000000000003,18,12,8,4
Atezo,BLCA,KIRC,edge-matched-random,0.01,70,39,0.792,0.8664004914004915,0.5,0.6194444444444445,13,17,4,8
Atezo,BLCA,KIRC,edge-matched-random,0.01,71,39,0.792,0.8617936117936119,0.6904761904761905,0.65,21,9,4,8
Atezo,BLCA,KIRC,edge-matched-random,0.01,72,39,0.856,0.9244471744471745,0.5952380952380952,0.5805555555555555,20,10,7,5
Atezo,BLCA,KIRC,edge-matched-random,0.01,73,39,0.776,0.8553439803439804,0.5476190476190477,0.5277777777777777,17,13,6,6
Atezo,BLCA,KIRC,edge-matched-random,0.01,74,39,0.808,0.9035626535626536,0.5476190476190477,0.5055555555555555,20,10,9,3
Atezo,BLCA,KIRC,edge-matched-random,0.01,75,39,0.784,0.867014742014742,0.5,0.5,14,16,5,7
Atezo,BLCA,KIRC,edge-matched-random,0.01,76,39,0.76,0.8639434889434889,0.4523809523809524,0.4833333333333334,13,17,6,6
Atezo,BLCA,KIRC,edge-matched-random,0.01,77,39,0.76,0.8630221130221131,0.5714285714285714,0.5694444444444445,20,10,8,4
Atezo,BLCA,KIRC,edge-matched-random,0.01,78,39,0.76,0.8725429975429976,0.5476190476190477,0.6277777777777778,16,14,5,7
Atezo,BLCA,KIRC,edge-matched-random,0.01,79,39,0.84,0.9235257985257985,0.6190476190476191,0.5111111111111111,22,8,8,4
Atezo,BLCA,KIRC,edge-matched-random,0.01,80,39,0.76,0.8221744471744472,0.6190476190476191,0.7250000000000001,18,12,4,8
Atezo,BLCA,KIRC,edge-matched-random,0.01,81,39,0.784,0.8728501228501229,0.47619047619047616,0.4638888888888889,16,14,8,4
Atezo,BLCA,KIRC,edge-matched-random,0.01,82,39,0.84,0.921068796068796,0.5,0.44999999999999996,16,14,7,5
Atezo,BLCA,KIRC,edge-matched-random,0.01,83,39,0.792,0.8716216216216216,0.6190476190476191,0.5027777777777778,23,7,9,3
Atezo,BLCA,KIRC,edge-matched-random,0.01,84,39,0.824,0.9140049140049141,0.5952380952380952,0.38888888888888884,20,10,7,5
Atezo,BLCA,KIRC,edge-matched-random,0.01,85,39,0.792,0.8750000000000001,0.6190476190476191,0.5722222222222222,19,11,5,7
Atezo,BLCA,KIRC,edge-matched-random,0.01,86,39,0.792,0.8774570024570024,0.6666666666666666,0.6638888888888889,22,8,6,6
Atezo,BLCA,KIRC,edge-matched-random,0.01,87,39,0.808,0.8685503685503686,0.5238095238095238,0.40555555555555556,15,15,5,7
Atezo,BLCA,KIRC,edge-matched-random,0.01,88,39,0.808,0.8817567567567567,0.5714285714285714,0.4361111111111111,20,10,8,4
Atezo,BLCA,KIRC,edge-matched-random,0.01,89,39,0.72,0.8043611793611793,0.6190476190476191,0.6472222222222221,20,10,6,6
Atezo,BLCA,KIRC,edge-matched-random,0.01,90,39,0.728,0.816953316953317,0.6666666666666666,0.6805555555555556,20,10,4,8
Atezo,BLCA,KIRC,edge-matched-random,0.01,91,39,0.76,0.8421375921375922,0.5714285714285714,0.48055555555555557,18,12,6,6
Atezo,BLCA,KIRC,edge-matched-random,0.01,92,39,0.712,0.8203316953316955,0.6428571428571429,0.75,20,10,5,7
Atezo,BLCA,KIRC,edge-matched-random,0.01,93,39,0.752,0.8624078624078624,0.5238095238095238,0.5111111111111112,17,13,7,5
Atezo,BLCA,KIRC,edge-matched-random,0.01,94,39,0.728,0.8452088452088452,0.5952380952380952,0.5527777777777778,22,8,9,3
Atezo,BLCA,KIRC,edge-matched-random,0.01,95,39,0.784,0.8624078624078624,0.6190476190476191,0.5861111111111111,21,9,7,5
Atezo,BLCA,KIRC,edge-matched-random,0.01,96,39,0.72,0.8249385749385749,0.6428571428571429,0.6944444444444444,20,10,5,7
Atezo,BLCA,KIRC,edge-matched-random,0.01,97,39,0.792,0.8928132678132679,0.6428571428571429,0.6277777777777778,18,12,3,9
Atezo,BLCA,KIRC,edge-matched-random,0.01,98,39,0.808,0.8780712530712531,0.6428571428571429,0.6055555555555555,21,9,6,6
Atezo,BLCA,KIRC,edge-matched-random,0.01,99,39,0.784,0.8756142506142506,0.6428571428571429,0.5138888888888888,22,8,7,5
Atezo,BLCA,KIRC,edge,0.005,0,23,0.728,0.7883906633906634,0.5714285714285714,0.5527777777777778,17,13,5,7
Atezo,BLCA,KIRC,edge,0.005,1,23,0.768,0.8488943488943489,0.5714285714285714,0.4916666666666667,17,13,5,7
Atezo,BLCA,KIRC,edge,0.005,2,23,0.728,0.796990171990172,0.6190476190476191,0.5777777777777778,20,10,6,6
Atezo,BLCA,KIRC,edge,0.005,3,23,0.736,0.7536855036855037,0.5238095238095238,0.6194444444444445,14,16,4,8
Atezo,BLCA,KIRC,edge,0.005,4,23,0.728,0.8375307125307125,0.5238095238095238,0.5361111111111112,18,12,8,4
Atezo,BLCA,KIRC,edge,0.005,5,23,0.768,0.8055896805896806,0.5,0.5277777777777777,17,13,8,4
Atezo,BLCA,KIRC,edge,0.005,6,23,0.736,0.8062039312039312,0.6190476190476191,0.5222222222222223,20,10,6,6
Atezo,BLCA,KIRC,edge,0.005,7,23,0.624,0.7192874692874693,0.6666666666666666,0.7277777777777777,22,8,6,6
Atezo,BLCA,KIRC,edge,0.005,8,23,0.792,0.8685503685503686,0.40476190476190477,0.35277777777777775,13,17,8,4
Atezo,BLCA,KIRC,edge,0.005,9,23,0.728,0.8111179361179361,0.5714285714285714,0.5722222222222222,19,11,7,5
Atezo,BLCA,KIRC,edge,0.005,10,23,0.704,0.7530712530712531,0.5238095238095238,0.5777777777777778,17,13,7,5
Atezo,BLCA,KIRC,edge,0.005,11,23,0.672,0.7487714987714987,0.5238095238095238,0.5777777777777777,17,13,7,5
Atezo,BLCA,KIRC,edge,0.005,12,23,0.72,0.7960687960687961,0.5476190476190477,0.4722222222222222,18,12,7,5
Atezo,BLCA,KIRC,edge,0.005,13,23,0.72,0.8138820638820639,0.5476190476190477,0.4444444444444444,20,10,9,3
Atezo,BLCA,KIRC,edge,0.005,14,23,0.728,0.8058968058968059,0.6428571428571429,0.5694444444444444,20,10,5,7
Atezo,BLCA,KIRC,edge,0.005,15,23,0.752,0.8135749385749386,0.5714285714285714,0.6194444444444444,17,13,5,7
Atezo,BLCA,KIRC,edge,0.005,16,23,0.768,0.8433660933660934,0.5714285714285714,0.4361111111111111,20,10,8,4
Atezo,BLCA,KIRC,edge,0.005,17,23,0.704,0.7536855036855037,0.6428571428571429,0.6472222222222223,20,10,5,7
Atezo,BLCA,KIRC,edge,0.005,18,23,0.64,0.7352579852579852,0.5952380952380952,0.5194444444444444,18,12,5,7
Atezo,BLCA,KIRC,edge,0.005,19,23,0.776,0.816953316953317,0.47619047619047616,0.5277777777777778,12,18,4,8
Atezo,BLCA,KIRC,edge,0.005,20,23,0.712,0.7558353808353808,0.6904761904761905,0.7277777777777777,21,9,4,8
Atezo,BLCA,KIRC,edge,0.005,21,23,0.672,0.7751842751842752,0.47619047619047616,0.44722222222222224,14,16,6,6
Atezo,BLCA,KIRC,edge,0.005,22,23,0.728,0.7764127764127764,0.6190476190476191,0.5666666666666667,19,11,5,7
Atezo,BLCA,KIRC,edge,0.005,23,23,0.768,0.7886977886977888,0.5238095238095238,0.5777777777777778,16,14,6,6
Atezo,BLCA,KIRC,edge,0.005,24,23,0.712,0.8148034398034398,0.5952380952380952,0.6055555555555555,18,12,5,7
Atezo,BLCA,KIRC,edge,0.005,25,23,0.696,0.7644348894348894,0.6666666666666666,0.5611111111111111,21,9,5,7
Atezo,BLCA,KIRC,edge,0.005,26,23,0.72,0.7868550368550369,0.5952380952380952,0.5333333333333333,20,10,7,5
Atezo,BLCA,KIRC,edge,0.005,27,23,0.656,0.7914619164619164,0.5714285714285714,0.5166666666666667,19,11,7,5
Atezo,BLCA,KIRC,edge,0.005,28,23,0.76,0.8353808353808354,0.4523809523809524,0.42500000000000004,16,14,9,3
Atezo,BLCA,KIRC,edge,0.005,29,23,0.736,0.7681203931203932,0.5476190476190477,0.6583333333333333,14,16,3,9
Atezo,BLCA,KIRC,edge,0.005,30,23,0.688,0.7604422604422605,0.6190476190476191,0.575,20,10,6,6
Atezo,BLCA,KIRC,edge,0.005,31,23,0.68,0.7840909090909091,0.6666666666666666,0.5777777777777777,23,7,7,5
Atezo,BLCA,KIRC,edge,0.005,32,23,0.808,0.8442874692874693,0.5238095238095238,0.42777777777777776,18,12,8,4
Atezo,BLCA,KIRC,edge,0.005,33,23,0.656,0.7469287469287469,0.47619047619047616,0.4472222222222222,15,15,7,5
Atezo,BLCA,KIRC,edge,0.005,34,23,0.712,0.7911547911547911,0.47619047619047616,0.5,15,15,7,5
Atezo,BLCA,KIRC,edge,0.005,35,23,0.76,0.8095823095823096,0.4523809523809524,0.44166666666666665,18,12,11,1
Atezo,BLCA,KIRC,edge,0.005,36,23,0.744,0.7837837837837838,0.5714285714285714,0.5583333333333333,19,11,7,5
Atezo,BLCA,KIRC,edge,0.005,37,23,0.68,0.738022113022113,0.6428571428571429,0.5583333333333333,22,8,7,5
Atezo,BLCA,KIRC,edge,0.005,38,23,0.768,0.8234029484029484,0.5238095238095238,0.5222222222222223,16,14,6,6
Atezo,BLCA,KIRC,edge,0.005,39,23,0.8,0.8574938574938575,0.4523809523809524,0.3277777777777778,17,13,10,2
Atezo,BLCA,KIRC,edge,0.005,40,23,0.68,0.7681203931203932,0.5476190476190477,0.48611111111111105,18,12,7,5
Atezo,BLCA,KIRC,edge,0.005,41,23,0.72,0.8101965601965602,0.5476190476190477,0.5277777777777778,18,12,7,5
Atezo,BLCA,KIRC,edge,0.005,42,23,0.64,0.7162162162162162,0.5714285714285714,0.4888888888888889,16,14,4,8
Atezo,BLCA,KIRC,edge,0.005,43,23,0.784,0.8280098280098281,0.47619047619047616,0.3388888888888889,17,13,9,3
Atezo,BLCA,KIRC,edge,0.005,44,23,0.704,0.7647420147420148,0.6666666666666666,0.6055555555555555,22,8,6,6
Atezo,BLCA,KIRC,edge,0.005,45,23,0.672,0.7804054054054055,0.5714285714285714,0.5277777777777779,19,11,7,5
Atezo,BLCA,KIRC,edge,0.005,46,23,0.76,0.8243243243243243,0.5238095238095238,0.5305555555555554,16,14,6,6
Atezo,BLCA,KIRC,edge,0.005,47,23,0.712,0.8108108108108107,0.5476190476190477,0.5472222222222223,16,14,5,7
Atezo,BLCA,KIRC,edge,0.005,48,23,0.648,0.7444717444717444,0.5238095238095238,0.5305555555555556,18,12,8,4
Atezo,BLCA,KIRC,edge,0.005,49,23,0.752,0.7834766584766585,0.5238095238095238,0.5305555555555556,15,15,5,7
Atezo,BLCA,KIRC,edge,0.005,50,23,0.736,0.7702702702702703,0.6904761904761905,0.6722222222222222,23,7,6,6
Atezo,BLCA,KIRC,edge,0.005,51,23,0.704,0.7595208845208845,0.47619047619047616,0.55,14,16,6,6
Atezo,BLCA,KIRC,edge,0.005,52,23,0.704,0.7791769041769042,0.6190476190476191,0.5805555555555556,19,11,5,7
Atezo,BLCA,KIRC,edge,0.005,53,23,0.672,0.7506142506142506,0.47619047619047616,0.5472222222222222,15,15,7,5
Atezo,BLCA,KIRC,edge,0.005,54,23,0.76,0.8089680589680589,0.5476190476190477,0.5083333333333333,19,11,8,4
Atezo,BLCA,KIRC,edge,0.005,55,23,0.704,0.7555282555282555,0.6904761904761905,0.6916666666666667,21,9,4,8
Atezo,BLCA,KIRC,edge,0.005,56,23,0.744,0.8003685503685504,0.42857142857142855,0.4666666666666667,14,16,8,4
Atezo,BLCA,KIRC,edge,0.005,57,23,0.72,0.8206388206388208,0.4523809523809524,0.44722222222222224,16,14,9,3
Atezo,BLCA,KIRC,edge,0.005,58,23,0.76,0.797911547911548,0.47619047619047616,0.5666666666666667,12,18,4,8
Atezo,BLCA,KIRC,edge,0.005,59,23,0.712,0.7742628992628993,0.5714285714285714,0.575,18,12,6,6
Atezo,BLCA,KIRC,edge,0.005,60,23,0.72,0.7933046683046683,0.5238095238095238,0.5,15,15,5,7
Atezo,BLCA,KIRC,edge,0.005,61,23,0.672,0.747850122850123,0.5476190476190477,0.638888888888889,14,16,3,9
Atezo,BLCA,KIRC,edge,0.005,62,23,0.72,0.8074324324324325,0.6190476190476191,0.5888888888888889,21,9,7,5
Atezo,BLCA,KIRC,edge,0.005,63,23,0.736,0.7847051597051597,0.5476190476190477,0.5305555555555556,20,10,9,3
Atezo,BLCA,KIRC,edge,0.005,64,23,0.696,0.7877764127764129,0.42857142857142855,0.4722222222222222,14,16,8,4
Atezo,BLCA,KIRC,edge,0.005,65,23,0.76,0.8025184275184276,0.4523809523809524,0.45277777777777783,15,15,8,4
Atezo,BLCA,KIRC,edge,0.005,66,23,0.704,0.8126535626535627,0.5238095238095238,0.4166666666666667,18,12,8,4
Atezo,BLCA,KIRC,edge,0.005,67,23,0.704,0.7711916461916463,0.5952380952380952,0.575,18,12,5,7
Atezo,BLCA,KIRC,edge,0.005,68,23,0.728,0.7957616707616708,0.5714285714285714,0.5444444444444445,18,12,6,6
Atezo,BLCA,KIRC,edge,0.005,69,23,0.696,0.7690417690417691,0.5,0.44722222222222224,17,13,8,4
Atezo,BLCA,KIRC,edge,0.005,70,23,0.72,0.8191031941031941,0.5,0.43611111111111106,17,13,8,4
Atezo,BLCA,KIRC,edge,0.005,71,23,0.704,0.7840909090909091,0.5714285714285714,0.5916666666666667,17,13,5,7
Atezo,BLCA,KIRC,edge,0.005,72,23,0.696,0.7871621621621622,0.6904761904761905,0.6527777777777778,22,8,5,7
Atezo,BLCA,KIRC,edge,0.005,73,23,0.696,0.7371007371007372,0.5714285714285714,0.6805555555555556,15,15,3,9
Atezo,BLCA,KIRC,edge,0.005,74,23,0.736,0.8052825552825553,0.6190476190476191,0.6222222222222222,20,10,6,6
Atezo,BLCA,KIRC,edge,0.005,75,23,0.712,0.8212530712530712,0.4523809523809524,0.4361111111111111,14,16,7,5
Atezo,BLCA,KIRC,edge,0.005,76,23,0.736,0.8092751842751843,0.5238095238095238,0.4361111111111111,20,10,10,2
Atezo,BLCA,KIRC,edge,0.005,77,23,0.744,0.792997542997543,0.40476190476190477,0.4083333333333334,13,17,8,4
Atezo,BLCA,KIRC,edge,0.005,78,23,0.688,0.7736486486486487,0.5,0.5972222222222222,13,17,4,8
Atezo,BLCA,KIRC,edge,0.005,79,23,0.72,0.7791769041769042,0.5714285714285714,0.6194444444444445,17,13,5,7
Atezo,BLCA,KIRC,edge,0.005,80,23,0.688,0.7905405405405406,0.6666666666666666,0.6222222222222222,20,10,4,8
Atezo,BLCA,KIRC,edge,0.005,81,23,0.752,0.7945331695331695,0.5,0.4666666666666667,16,14,7,5
Atezo,BLCA,KIRC,edge,0.005,82,23,0.72,0.7816339066339066,0.5238095238095238,0.45277777777777783,19,11,9,3
Atezo,BLCA,KIRC,edge,0.005,83,23,0.72,0.7807125307125307,0.47619047619047616,0.44166666666666665,18,12,10,2
Atezo,BLCA,KIRC,edge,0.005,84,23,0.752,0.8074324324324326,0.42857142857142855,0.5777777777777777,12,18,6,6
Atezo,BLCA,KIRC,edge,0.005,85,23,0.736,0.8071253071253072,0.5476190476190477,0.4888888888888889,19,11,8,4
Atezo,BLCA,KIRC,edge,0.005,86,23,0.72,0.7997542997542997,0.5476190476190477,0.48055555555555557,17,13,6,6
Atezo,BLCA,KIRC,edge,0.005,87,23,0.736,0.7948402948402948,0.47619047619047616,0.4222222222222222,16,14,8,4
Atezo,BLCA,KIRC,edge,0.005,88,23,0.736,0.8000614250614251,0.6428571428571429,0.6333333333333333,22,8,7,5
Atezo,BLCA,KIRC,edge,0.005,89,23,0.76,0.8277027027027027,0.6428571428571429,0.5972222222222222,23,7,8,4
Atezo,BLCA,KIRC,edge,0.005,90,23,0.728,0.8105036855036856,0.5238095238095238,0.5555555555555556,17,13,7,5
Atezo,BLCA,KIRC,edge,0.005,91,23,0.728,0.7865479115479116,0.5,0.4305555555555556,19,11,10,2
Atezo,BLCA,KIRC,edge,0.005,92,23,0.792,0.8624078624078624,0.4523809523809524,0.4166666666666667,14,16,7,5
Atezo,BLCA,KIRC,edge,0.005,93,23,0.696,0.7444717444717445,0.5952380952380952,0.5805555555555556,18,12,5,7
Atezo,BLCA,KIRC,edge,0.005,94,23,0.688,0.7662776412776413,0.6190476190476191,0.6416666666666667,19,11,5,7
Atezo,BLCA,KIRC,edge,0.005,95,23,0.672,0.7377149877149878,0.5,0.5722222222222222,15,15,6,6
Atezo,BLCA,KIRC,edge,0.005,96,23,0.72,0.824017199017199,0.5714285714285714,0.55,20,10,8,4
Atezo,BLCA,KIRC,edge,0.005,97,23,0.728,0.8065110565110565,0.47619047619047616,0.5027777777777778,15,15,7,5
Atezo,BLCA,KIRC,edge,0.005,98,23,0.768,0.812039312039312,0.6190476190476191,0.5305555555555556,20,10,6,6
Atezo,BLCA,KIRC,edge,0.005,99,23,0.664,0.7438574938574938,0.5952380952380952,0.6916666666666668,16,14,3,9
Atezo,BLCA,KIRC,edge-matched-random,0.005,0,23,0.712,0.8012899262899263,0.5238095238095238,0.5472222222222222,15,15,5,7
Atezo,BLCA,KIRC,edge-matched-random,0.005,1,23,0.704,0.781019656019656,0.5238095238095238,0.5361111111111111,18,12,8,4
Atezo,BLCA,KIRC,edge-matched-random,0.005,2,23,0.728,0.8184889434889435,0.5238095238095238,0.5166666666666666,17,13,7,5
Atezo,BLCA,KIRC,edge-matched-random,0.005,3,23,0.752,0.8138820638820639,0.6190476190476191,0.5666666666666667,22,8,8,4
Atezo,BLCA,KIRC,edge-matched-random,0.005,4,23,0.768,0.8488943488943489,0.42857142857142855,0.3583333333333333,16,14,10,2
Atezo,BLCA,KIRC,edge-matched-random,0.005,5,23,0.656,0.7487714987714987,0.6428571428571429,0.7027777777777778,18,12,3,9
Atezo,BLCA,KIRC,edge-matched-random,0.005,6,23,0.712,0.7675061425061425,0.5,0.6361111111111111,13,17,4,8
Atezo,BLCA,KIRC,edge-matched-random,0.005,7,23,0.728,0.8234029484029484,0.4523809523809524,0.45555555555555555,14,16,7,5
Atezo,BLCA,KIRC,edge-matched-random,0.005,8,23,0.688,0.7788697788697788,0.5476190476190477,0.6083333333333334,17,13,6,6
Atezo,BLCA,KIRC,edge-matched-random,0.005,9,23,0.736,0.824017199017199,0.5476190476190477,0.5527777777777778,17,13,6,6
Atezo,BLCA,KIRC,edge-matched-random,0.005,10,23,0.728,0.8058968058968059,0.5238095238095238,0.475,17,13,7,5
Atezo,BLCA,KIRC,edge-matched-random,0.005,11,23,0.712,0.785012285012285,0.5714285714285714,0.5750000000000001,18,12,6,6
Atezo,BLCA,KIRC,edge-matched-random,0.005,12,23,0.744,0.7954545454545454,0.6428571428571429,0.5722222222222222,21,9,6,6
Atezo,BLCA,KIRC,edge-matched-random,0.005,13,23,0.728,0.8105036855036856,0.5476190476190477,0.5888888888888889,17,13,6,6
Atezo,BLCA,KIRC,edge-matched-random,0.005,14,23,0.736,0.8215601965601966,0.47619047619047616,0.5027777777777778,16,14,8,4
Atezo,BLCA,KIRC,edge-matched-random,0.005,15,23,0.72,0.8006756756756757,0.5714285714285714,0.5972222222222222,20,10,8,4
Atezo,BLCA,KIRC,edge-matched-random,0.005,16,23,0.712,0.7776412776412777,0.5238095238095238,0.5833333333333334,17,13,7,5
Atezo,BLCA,KIRC,edge-matched-random,0.005,17,23,0.72,0.7770270270270271,0.5476190476190477,0.6055555555555555,14,16,3,9
Atezo,BLCA,KIRC,edge-matched-random,0.005,18,23,0.736,0.7847051597051597,0.6190476190476191,0.6833333333333333,19,11,5,7
Atezo,BLCA,KIRC,edge-matched-random,0.005,19,23,0.696,0.769041769041769,0.6190476190476191,0.5833333333333334,21,9,7,5
Atezo,BLCA,KIRC,edge-matched-random,0.005,20,23,0.672,0.7714987714987716,0.6666666666666666,0.6527777777777778,22,8,6,6
Atezo,BLCA,KIRC,edge-matched-random,0.005,21,23,0.736,0.8255528255528255,0.5238095238095238,0.46388888888888885,20,10,10,2
Atezo,BLCA,KIRC,edge-matched-random,0.005,22,23,0.72,0.7782555282555282,0.5714285714285714,0.6888888888888889,19,11,7,5
Atezo,BLCA,KIRC,edge-matched-random,0.005,23,23,0.68,0.7659705159705159,0.6428571428571429,0.6499999999999999,21,9,6,6
Atezo,BLCA,KIRC,edge-matched-random,0.005,24,23,0.728,0.7825552825552826,0.6666666666666666,0.575,21,9,5,7
Atezo,BLCA,KIRC,edge-matched-random,0.005,25,23,0.656,0.7641277641277642,0.6190476190476191,0.6444444444444445,21,9,7,5
Atezo,BLCA,KIRC,edge-matched-random,0.005,26,23,0.76,0.8105036855036855,0.5,0.46944444444444444,17,13,8,4
Atezo,BLCA,KIRC,edge-matched-random,0.005,27,23,0.696,0.7684275184275184,0.5,0.575,17,13,8,4
Atezo,BLCA,KIRC,edge-matched-random,0.005,28,23,0.664,0.777027027027027,0.6428571428571429,0.6055555555555556,19,11,4,8
Atezo,BLCA,KIRC,edge-matched-random,0.005,29,23,0.768,0.8409090909090909,0.4523809523809524,0.41388888888888886,14,16,7,5
Atezo,BLCA,KIRC,edge-matched-random,0.005,30,23,0.728,0.8117321867321867,0.5,0.47500000000000003,17,13,8,4
Atezo,BLCA,KIRC,edge-matched-random,0.005,31,23,0.752,0.8326167076167077,0.38095238095238093,0.37222222222222223,15,15,11,1
Atezo,BLCA,KIRC,edge-matched-random,0.005,32,23,0.68,0.7896191646191646,0.5714285714285714,0.5805555555555555,18,12,6,6
Atezo,BLCA,KIRC,edge-matched-random,0.005,33,23,0.76,0.8495085995085995,0.4523809523809524,0.43333333333333335,16,14,9,3
Atezo,BLCA,KIRC,edge-matched-random,0.005,34,23,0.728,0.7942260442260443,0.5952380952380952,0.6166666666666667,18,12,5,7
Atezo,BLCA,KIRC,edge-matched-random,0.005,35,23,0.704,0.7982186732186732,0.5476190476190477,0.5222222222222221,17,13,6,6
Atezo,BLCA,KIRC,edge-matched-random,0.005,36,23,0.752,0.8019041769041769,0.5476190476190477,0.5694444444444444,17,13,6,6
Atezo,BLCA,KIRC,edge-matched-random,0.005,37,23,0.744,0.8046683046683047,0.5714285714285714,0.5055555555555555,18,12,6,6
Atezo,BLCA,KIRC,edge-matched-random,0.005,38,23,0.68,0.7607493857493858,0.5714285714285714,0.6305555555555555,16,14,4,8
Atezo,BLCA,KIRC,edge-matched-random,0.005,39,23,0.728,0.8184889434889435,0.5,0.525,14,16,5,7
Atezo,BLCA,KIRC,edge-matched-random,0.005,40,23,0.736,0.8237100737100738,0.5,0.4888888888888889,14,16,5,7
Atezo,BLCA,KIRC,edge-matched-random,0.005,41,23,0.76,0.8313882063882063,0.42857142857142855,0.41944444444444445,15,15,9,3
Atezo,BLCA,KIRC,edge-matched-random,0.005,42,23,0.752,0.7902334152334153,0.5238095238095238,0.5861111111111111,15,15,5,7
Atezo,BLCA,KIRC,edge-matched-random,0.005,43,23,0.672,0.7893120393120393,0.5952380952380952,0.6638888888888889,20,10,7,5
Atezo,BLCA,KIRC,edge-matched-random,0.005,44,23,0.768,0.8043611793611795,0.47619047619047616,0.4861111111111111,14,16,6,6
Atezo,BLCA,KIRC,edge-matched-random,0.005,45,23,0.688,0.7638206388206389,0.6190476190476191,0.663888888888889,18,12,4,8
Atezo,BLCA,KIRC,edge-matched-random,0.005,46,23,0.728,0.7960687960687961,0.5238095238095238,0.525,18,12,8,4
Atezo,BLCA,KIRC,edge-matched-random,0.005,47,23,0.72,0.796990171990172,0.5714285714285714,0.48611111111111105,20,10,8,4
Atezo,BLCA,KIRC,edge-matched-random,0.005,48,23,0.72,0.8028255528255528,0.5476190476190477,0.4555555555555555,18,12,7,5
Atezo,BLCA,KIRC,edge-matched-random,0.005,49,23,0.696,0.7905405405405405,0.5476190476190477,0.586111111111111,15,15,4,8
Atezo,BLCA,KIRC,edge-matched-random,0.005,50,23,0.72,0.8022113022113022,0.47619047619047616,0.45277777777777783,13,17,5,7
Atezo,BLCA,KIRC,edge-matched-random,0.005,51,23,0.688,0.7896191646191646,0.5714285714285714,0.6333333333333333,16,14,4,8
Atezo,BLCA,KIRC,edge-matched-random,0.005,52,23,0.736,0.8341523341523341,0.5,0.4972222222222222,16,14,7,5
Atezo,BLCA,KIRC,edge-matched-random,0.005,53,23,0.696,0.7423218673218673,0.6190476190476191,0.6833333333333333,20,10,6,6
Atezo,BLCA,KIRC,edge-matched-random,0.005,54,23,0.728,0.7868550368550369,0.5714285714285714,0.6222222222222222,19,11,7,5
Atezo,BLCA,KIRC,edge-matched-random,0.005,55,23,0.696,0.7856265356265356,0.5,0.4777777777777778,17,13,8,4
Atezo,BLCA,KIRC,edge-matched-random,0.005,56,23,0.688,0.7877764127764127,0.5952380952380952,0.6388888888888888,16,14,3,9
Atezo,BLCA,KIRC,edge-matched-random,0.005,57,23,0.744,0.8200245700245701,0.5952380952380952,0.5583333333333333,20,10,7,5
Atezo,BLCA,KIRC,edge-matched-random,0.005,58,23,0.704,0.7745700245700246,0.5238095238095238,0.5861111111111111,17,13,7,5
Atezo,BLCA,KIRC,edge-matched-random,0.005,59,23,0.72,0.8025184275184275,0.5476190476190477,0.5027777777777778,19,11,8,4
Atezo,BLCA,KIRC,edge-matched-random,0.005,60,23,0.696,0.7423218673218673,0.6428571428571429,0.711111111111111,19,11,4,8
Atezo,BLCA,KIRC,edge-matched-random,0.005,61,23,0.68,0.754914004914005,0.5952380952380952,0.7583333333333333,16,14,3,9
Atezo,BLCA,KIRC,edge-matched-random,0.005,62,23,0.712,0.8270884520884522,0.5476190476190477,0.4833333333333333,18,12,7,5
Atezo,BLCA,KIRC,edge-matched-random,0.005,63,23,0.688,0.7991400491400491,0.5714285714285714,0.5444444444444445,18,12,6,6
Atezo,BLCA,KIRC,edge-matched-random,0.005,64,23,0.744,0.8725429975429976,0.4523809523809524,0.36944444444444446,16,14,9,3
Atezo,BLCA,KIRC,edge-matched-random,0.005,65,23,0.704,0.8255528255528255,0.5714285714285714,0.4888888888888889,20,10,8,4
Atezo,BLCA,KIRC,edge-matched-random,0.005,66,23,0.76,0.8353808353808355,0.4523809523809524,0.47777777777777775,16,14,9,3
Atezo,BLCA,KIRC,edge-matched-random,0.005,67,23,0.728,0.8043611793611793,0.5714285714285714,0.5611111111111111,18,12,6,6
Atezo,BLCA,KIRC,edge-matched-random,0.005,68,23,0.76,0.8015970515970516,0.5714285714285714,0.6222222222222222,16,14,4,8
Atezo,BLCA,KIRC,edge-matched-random,0.005,69,23,0.672,0.7724201474201474,0.5714285714285714,0.6944444444444444,14,16,2,10
Atezo,BLCA,KIRC,edge-matched-random,0.005,70,23,0.712,0.7991400491400491,0.6190476190476191,0.5833333333333334,19,11,5,7
Atezo,BLCA,KIRC,edge-matched-random,0.005,71,23,0.736,0.7859336609336609,0.5952380952380952,0.6055555555555555,18,12,5,7
Atezo,BLCA,KIRC,edge-matched-random,0.005,72,23,0.76,0.8218673218673219,0.5238095238095238,0.5249999999999999,16,14,6,6
Atezo,BLCA,KIRC,edge-matched-random,0.005,73,23,0.704,0.8046683046683047,0.5,0.4916666666666667,16,14,7,5
Atezo,BLCA,KIRC,edge-matched-random,0.005,74,23,0.672,0.7727272727272727,0.5714285714285714,0.6694444444444445,17,13,5,7
Atezo,BLCA,KIRC,edge-matched-random,0.005,75,23,0.728,0.7724201474201474,0.5952380952380952,0.6361111111111111,18,12,5,7
Atezo,BLCA,KIRC,edge-matched-random,0.005,76,23,0.712,0.7745700245700246,0.6190476190476191,0.5944444444444446,20,10,6,6
Atezo,BLCA,KIRC,edge-matched-random,0.005,77,23,0.736,0.7813267813267813,0.6666666666666666,0.5777777777777778,23,7,7,5
Atezo,BLCA,KIRC,edge-matched-random,0.005,78,23,0.712,0.8022113022113022,0.5238095238095238,0.538888888888889,15,15,5,7
Atezo,BLCA,KIRC,edge-matched-random,0.005,79,23,0.648,0.7374078624078625,0.6904761904761905,0.7666666666666666,19,11,2,10
Atezo,BLCA,KIRC,edge-matched-random,0.005,80,23,0.72,0.8046683046683046,0.5476190476190477,0.5388888888888889,19,11,8,4
Atezo,BLCA,KIRC,edge-matched-random,0.005,81,23,0.688,0.7770270270270271,0.6190476190476191,0.6111111111111112,21,9,7,5
Atezo,BLCA,KIRC,edge-matched-random,0.005,82,23,0.704,0.8166461916461916,0.5714285714285714,0.5722222222222222,21,9,9,3
Atezo,BLCA,KIRC,edge-matched-random,0.005,83,23,0.728,0.8114250614250614,0.5238095238095238,0.5305555555555554,19,11,9,3
Atezo,BLCA,KIRC,edge-matched-random,0.005,84,23,0.72,0.8252457002457002,0.5714285714285714,0.47777777777777775,21,9,9,3
Atezo,BLCA,KIRC,edge-matched-random,0.005,85,23,0.712,0.808968058968059,0.6190476190476191,0.5277777777777778,23,7,9,3
Atezo,BLCA,KIRC,edge-matched-random,0.005,86,23,0.76,0.7994471744471744,0.5238095238095238,0.49444444444444446,16,14,6,6
Atezo,BLCA,KIRC,edge-matched-random,0.005,87,23,0.664,0.7518427518427518,0.6666666666666666,0.6305555555555555,25,5,9,3
Atezo,BLCA,KIRC,edge-matched-random,0.005,88,23,0.768,0.8301597051597052,0.5238095238095238,0.5277777777777778,18,12,8,4
Atezo,BLCA,KIRC,edge-matched-random,0.005,89,23,0.736,0.8191031941031941,0.5476190476190477,0.5194444444444444,16,14,5,7
Atezo,BLCA,KIRC,edge-matched-random,0.005,90,23,0.72,0.8043611793611795,0.5952380952380952,0.5972222222222222,18,12,5,7
Atezo,BLCA,KIRC,edge-matched-random,0.005,91,23,0.728,0.8037469287469288,0.5476190476190477,0.5277777777777778,17,13,6,6
Atezo,BLCA,KIRC,edge-matched-random,0.005,92,23,0.728,0.7862407862407862,0.6428571428571429,0.638888888888889,22,8,7,5
Atezo,BLCA,KIRC,edge-matched-random,0.005,93,23,0.712,0.7871621621621622,0.5952380952380952,0.6166666666666667,19,11,6,6
Atezo,BLCA,KIRC,edge-matched-random,0.005,94,23,0.736,0.7954545454545455,0.4523809523809524,0.5805555555555556,14,16,7,5
Atezo,BLCA,KIRC,edge-matched-random,0.005,95,23,0.752,0.816953316953317,0.5952380952380952,0.5111111111111112,21,9,8,4
Atezo,BLCA,KIRC,edge-matched-random,0.005,96,23,0.664,0.7361793611793612,0.6904761904761905,0.7416666666666667,21,9,4,8
Atezo,BLCA,KIRC,edge-matched-random,0.005,97,23,0.688,0.7893120393120394,0.5952380952380952,0.6555555555555556,20,10,7,5
Atezo,BLCA,KIRC,edge-matched-random,0.005,98,23,0.72,0.7893120393120393,0.5952380952380952,0.6444444444444445,21,9,8,4
Atezo,BLCA,KIRC,edge-matched-random,0.005,99,23,0.736,0.8203316953316954,0.5,0.4555555555555556,16,14,7,5
