drug,source tissue,target tissue,type,feature,pval,iter,feature_dim,Train Accuracy,Train ROC_AUC,Test Accuracy,Test ROC_AUC,Test TN,Test FP,Test FN,Test TP
Atezo,BLCA,KIRC,strict,edge,0.1,0,663,1.0,1.0,0.5476190476190477,0.48888888888888893,21,9,10,2
Atezo,BLCA,KIRC,strict,edge,0.1,1,663,1.0,1.0,0.6904761904761905,0.6803519061583577,23,8,5,6
Atezo,BLCA,KIRC,strict,edge,0.1,2,663,1.0,1.0,0.7142857142857143,0.7224489795918366,25,10,2,5
Atezo,BLCA,KIRC,strict,edge,0.1,3,663,1.0,1.0,0.7142857142857143,0.5894428152492668,25,6,6,5
Atezo,BLCA,KIRC,strict,edge,0.1,4,663,1.0,1.0,0.7380952380952381,0.6370370370370371,26,1,10,5
Atezo,BLCA,KIRC,strict,edge,0.1,5,663,1.0,1.0,0.6666666666666666,0.66875,23,9,5,5
Atezo,BLCA,KIRC,strict,edge,0.1,6,663,1.0,1.0,0.5238095238095238,0.3975308641975309,21,6,14,1
Atezo,BLCA,KIRC,strict,edge,0.1,7,663,1.0,1.0,0.6904761904761905,0.6430976430976431,24,9,4,5
Atezo,BLCA,KIRC,strict,edge,0.1,8,663,1.0,1.0,0.7142857142857143,0.634567901234568,24,3,9,6
Atezo,BLCA,KIRC,strict,edge,0.1,9,663,1.0,1.0,0.6428571428571429,0.6047745358090186,22,7,8,5
Atezo,BLCA,KIRC,strict,edge,0.1,10,663,1.0,1.0,0.5714285714285714,0.5462962962962963,19,5,13,5
Atezo,BLCA,KIRC,strict,edge,0.1,11,663,1.0,1.0,0.5,0.5286195286195287,17,16,5,4
Atezo,BLCA,KIRC,strict,edge,0.1,12,663,1.0,1.0,0.6666666666666666,0.7163461538461539,21,5,9,7
Atezo,BLCA,KIRC,strict,edge,0.1,13,663,1.0,1.0,0.6428571428571429,0.5625,23,9,6,4
Atezo,BLCA,KIRC,strict,edge,0.1,14,663,1.0,1.0,0.7142857142857143,0.6055555555555556,24,6,6,6
Atezo,BLCA,KIRC,strict,edge,0.1,15,663,1.0,1.0,0.6666666666666666,0.6275659824046921,22,9,5,6
Atezo,BLCA,KIRC,strict,edge,0.1,16,663,1.0,1.0,0.5714285714285714,0.5851851851851851,20,7,11,4
Atezo,BLCA,KIRC,strict,edge,0.1,17,663,1.0,1.0,0.5714285714285714,0.49759615384615385,19,7,11,5
Atezo,BLCA,KIRC,strict,edge,0.1,18,663,1.0,1.0,0.6190476190476191,0.617283950617284,23,4,12,3
Atezo,BLCA,KIRC,strict,edge,0.1,19,663,1.0,1.0,0.6190476190476191,0.5506172839506173,21,6,10,5
Atezo,BLCA,KIRC,strict,edge-matched-random,0.1,0,663,1.0,1.0,0.5952380952380952,0.6153846153846154,21,8,9,4
Atezo,BLCA,KIRC,strict,edge-matched-random,0.1,1,663,1.0,1.0,0.6904761904761905,0.7012345679012346,22,5,8,7
Atezo,BLCA,KIRC,strict,edge-matched-random,0.1,2,663,1.0,1.0,0.6666666666666666,0.6334310850439883,25,6,8,3
Atezo,BLCA,KIRC,strict,edge-matched-random,0.1,3,663,1.0,1.0,0.7619047619047619,0.7188328912466844,26,3,7,6
Atezo,BLCA,KIRC,strict,edge-matched-random,0.1,4,663,1.0,1.0,0.6666666666666666,0.6224489795918368,22,6,8,6
Atezo,BLCA,KIRC,strict,edge-matched-random,0.1,5,663,1.0,1.0,0.7142857142857143,0.7241379310344829,26,3,9,4
Atezo,BLCA,KIRC,strict,edge-matched-random,0.1,6,663,1.0,1.0,0.6190476190476191,0.6041055718475072,21,10,6,5
Atezo,BLCA,KIRC,strict,edge-matched-random,0.1,7,663,1.0,1.0,0.7619047619047619,0.713527851458886,25,4,6,7
Atezo,BLCA,KIRC,strict,edge-matched-random,0.1,8,663,1.0,1.0,0.7380952380952381,0.7108753315649867,24,5,6,7
Atezo,BLCA,KIRC,strict,edge-matched-random,0.1,9,663,1.0,1.0,0.7380952380952381,0.5472222222222222,27,3,8,4
Atezo,BLCA,KIRC,strict,edge-matched-random,0.1,10,663,1.0,1.0,0.6666666666666666,0.6805555555555555,21,9,5,7
Atezo,BLCA,KIRC,strict,edge-matched-random,0.1,11,663,1.0,1.0,0.6666666666666666,0.6286764705882353,24,10,4,4
Atezo,BLCA,KIRC,strict,edge-matched-random,0.1,12,663,1.0,1.0,0.7857142857142857,0.671875,27,5,4,6
Atezo,BLCA,KIRC,strict,edge-matched-random,0.1,13,663,1.0,1.0,0.6190476190476191,0.5918367346938775,21,7,9,5
Atezo,BLCA,KIRC,strict,edge-matched-random,0.1,14,663,1.0,1.0,0.6190476190476191,0.6684350132625996,21,8,8,5
Atezo,BLCA,KIRC,strict,edge-matched-random,0.1,15,663,1.0,1.0,0.6904761904761905,0.596875,27,5,8,2
Atezo,BLCA,KIRC,strict,edge-matched-random,0.1,16,663,1.0,1.0,0.5952380952380952,0.54375,22,10,7,3
Atezo,BLCA,KIRC,strict,edge-matched-random,0.1,17,663,1.0,1.0,0.7619047619047619,0.6835016835016835,28,5,5,4
Atezo,BLCA,KIRC,strict,edge-matched-random,0.1,18,663,1.0,1.0,0.5714285714285714,0.5035294117647058,19,6,12,5
Atezo,BLCA,KIRC,strict,edge-matched-random,0.1,19,663,1.0,1.0,0.6666666666666666,0.6148148148148148,22,5,9,6
Atezo,BLCA,KIRC,strict,edge,0.05,0,527,0.992,1.0,0.7142857142857143,0.7836538461538461,22,4,8,8
Atezo,BLCA,KIRC,strict,edge,0.05,1,527,1.0,1.0,0.6190476190476191,0.6049382716049383,21,6,10,5
Atezo,BLCA,KIRC,strict,edge,0.05,2,527,1.0,1.0,0.5714285714285714,0.6233421750663131,17,12,6,7
Atezo,BLCA,KIRC,strict,edge,0.05,3,527,1.0,1.0,0.6190476190476191,0.6760204081632653,23,5,11,3
Atezo,BLCA,KIRC,strict,edge,0.05,4,527,1.0,1.0,0.6190476190476191,0.6125,23,9,7,3
Atezo,BLCA,KIRC,strict,edge,0.05,5,527,0.992,1.0,0.6904761904761905,0.7055555555555556,21,9,4,8
Atezo,BLCA,KIRC,strict,edge,0.05,6,527,0.992,1.0,0.6904761904761905,0.584375,26,6,7,3
Atezo,BLCA,KIRC,strict,edge,0.05,7,527,1.0,1.0,0.7142857142857143,0.6944444444444445,23,7,5,7
Atezo,BLCA,KIRC,strict,edge,0.05,8,527,0.992,1.0,0.7380952380952381,0.6480938416422288,25,6,5,6
Atezo,BLCA,KIRC,strict,edge,0.05,9,527,1.0,1.0,0.5238095238095238,0.5806451612903226,18,13,7,4
Atezo,BLCA,KIRC,strict,edge,0.05,10,527,1.0,1.0,0.6428571428571429,0.5183823529411765,25,9,6,2
Atezo,BLCA,KIRC,strict,edge,0.05,11,527,1.0,1.0,0.5714285714285714,0.5509259259259259,14,10,8,10
Atezo,BLCA,KIRC,strict,edge,0.05,12,527,1.0,1.0,0.7142857142857143,0.6617647058823529,25,9,3,5
Atezo,BLCA,KIRC,strict,edge,0.05,13,527,0.992,1.0,0.6190476190476191,0.5816326530612245,19,9,7,7
Atezo,BLCA,KIRC,strict,edge,0.05,14,527,0.992,1.0,0.7142857142857143,0.7038123167155426,26,5,7,4
Atezo,BLCA,KIRC,strict,edge,0.05,15,527,1.0,1.0,0.6190476190476191,0.5219941348973607,22,9,7,4
Atezo,BLCA,KIRC,strict,edge,0.05,16,527,1.0,1.0,0.7142857142857143,0.6099706744868035,24,7,5,6
Atezo,BLCA,KIRC,strict,edge,0.05,17,527,0.992,1.0,0.6190476190476191,0.5517241379310345,22,7,9,4
Atezo,BLCA,KIRC,strict,edge,0.05,18,527,1.0,1.0,0.6190476190476191,0.6564705882352941,17,8,8,9
Atezo,BLCA,KIRC,strict,edge,0.05,19,527,1.0,1.0,0.6666666666666666,0.6070381231671554,23,8,6,5
Atezo,BLCA,KIRC,strict,edge-matched-random,0.05,0,527,1.0,1.0,0.6428571428571429,0.6301020408163265,23,5,10,4
Atezo,BLCA,KIRC,strict,edge-matched-random,0.05,1,527,1.0,1.0,0.5,0.4305555555555555,20,10,11,1
Atezo,BLCA,KIRC,strict,edge-matched-random,0.05,2,527,1.0,1.0,0.6666666666666666,0.6899038461538463,22,4,10,6
Atezo,BLCA,KIRC,strict,edge-matched-random,0.05,3,527,1.0,1.0,0.7142857142857143,0.6011730205278593,25,6,6,5
Atezo,BLCA,KIRC,strict,edge-matched-random,0.05,4,527,1.0,1.0,0.6904761904761905,0.6397306397306397,26,7,6,3
Atezo,BLCA,KIRC,strict,edge-matched-random,0.05,5,527,1.0,1.0,0.6666666666666666,0.6811224489795917,23,5,9,5
Atezo,BLCA,KIRC,strict,edge-matched-random,0.05,6,527,1.0,1.0,0.7142857142857143,0.7003367003367003,27,6,6,3
Atezo,BLCA,KIRC,strict,edge-matched-random,0.05,7,527,1.0,1.0,0.6904761904761905,0.6989795918367347,23,5,8,6
Atezo,BLCA,KIRC,strict,edge-matched-random,0.05,8,527,1.0,1.0,0.7142857142857143,0.713527851458886,23,6,6,7
Atezo,BLCA,KIRC,strict,edge-matched-random,0.05,9,527,1.0,1.0,0.5714285714285714,0.5805555555555556,21,9,9,3
Atezo,BLCA,KIRC,strict,edge-matched-random,0.05,10,527,1.0,1.0,0.7142857142857143,0.7020408163265307,27,8,4,3
Atezo,BLCA,KIRC,strict,edge-matched-random,0.05,11,527,1.0,1.0,0.6428571428571429,0.6352040816326531,22,6,9,5
Atezo,BLCA,KIRC,strict,edge-matched-random,0.05,12,527,1.0,1.0,0.6190476190476191,0.6397306397306397,20,13,3,6
Atezo,BLCA,KIRC,strict,edge-matched-random,0.05,13,527,1.0,1.0,0.5952380952380952,0.6392961876832844,21,10,7,4
Atezo,BLCA,KIRC,strict,edge-matched-random,0.05,14,527,1.0,1.0,0.7142857142857143,0.7171717171717171,26,7,5,4
Atezo,BLCA,KIRC,strict,edge-matched-random,0.05,15,527,1.0,1.0,0.7142857142857143,0.6047745358090186,25,4,8,5
Atezo,BLCA,KIRC,strict,edge-matched-random,0.05,16,527,1.0,1.0,0.5714285714285714,0.6517647058823529,20,5,13,4
Atezo,BLCA,KIRC,strict,edge-matched-random,0.05,17,527,1.0,1.0,0.5714285714285714,0.5790816326530612,17,11,7,7
Atezo,BLCA,KIRC,strict,edge-matched-random,0.05,18,527,1.0,1.0,0.5714285714285714,0.5950617283950618,19,8,10,5
Atezo,BLCA,KIRC,strict,edge-matched-random,0.05,19,527,1.0,1.0,0.5952380952380952,0.43265306122448977,24,11,6,1
Atezo,BLCA,KIRC,strict,node,0.1,0,235,0.992,1.0,0.6428571428571429,0.4666666666666667,25,5,10,2
Atezo,BLCA,KIRC,strict,node,0.1,1,235,1.0,1.0,0.5952380952380952,0.5790816326530613,21,7,10,4
Atezo,BLCA,KIRC,strict,node,0.1,2,235,0.984,0.9996767937944409,0.6904761904761905,0.5851851851851851,21,6,7,8
Atezo,BLCA,KIRC,strict,node,0.1,3,235,0.984,1.0,0.5476190476190477,0.6187683284457477,19,12,7,4
Atezo,BLCA,KIRC,strict,node,0.1,4,235,0.968,0.9952380952380953,0.6904761904761905,0.7704081632653061,22,6,7,7
Atezo,BLCA,KIRC,strict,node,0.1,5,235,1.0,1.0,0.5714285714285714,0.6098765432098765,19,8,10,5
Atezo,BLCA,KIRC,strict,node,0.1,6,235,0.976,1.0,0.6666666666666666,0.6233421750663131,23,6,8,5
Atezo,BLCA,KIRC,strict,node,0.1,7,235,0.992,1.0,0.6904761904761905,0.6875,22,10,3,7
Atezo,BLCA,KIRC,strict,node,0.1,8,235,0.976,0.9993412384716732,0.6190476190476191,0.6658653846153846,19,7,9,7
Atezo,BLCA,KIRC,strict,node,0.1,9,235,1.0,1.0,0.7380952380952381,0.711111111111111,24,6,5,7
Atezo,BLCA,KIRC,strict,node,0.1,10,235,1.0,1.0,0.5714285714285714,0.5069444444444444,15,9,9,9
Atezo,BLCA,KIRC,strict,node,0.1,11,235,1.0,1.0,0.5952380952380952,0.5037037037037037,20,7,10,5
Atezo,BLCA,KIRC,strict,node,0.1,12,235,0.984,0.9993857493857494,0.6904761904761905,0.6666666666666666,24,6,7,5
Atezo,BLCA,KIRC,strict,node,0.1,13,235,1.0,1.0,0.7142857142857143,0.6479591836734694,24,4,8,6
Atezo,BLCA,KIRC,strict,node,0.1,14,235,0.976,0.9991055456171736,0.6904761904761905,0.590625,25,7,6,4
Atezo,BLCA,KIRC,strict,node,0.1,15,235,0.984,0.9996825396825397,0.6190476190476191,0.5408163265306123,23,5,11,3
Atezo,BLCA,KIRC,strict,node,0.1,16,235,0.952,1.0,0.6428571428571429,0.6298076923076923,20,6,9,7
Atezo,BLCA,KIRC,strict,node,0.1,17,235,1.0,1.0,0.5952380952380952,0.6530612244897959,19,9,8,6
Atezo,BLCA,KIRC,strict,node,0.1,18,235,1.0,1.0,0.6428571428571429,0.6000000000000001,22,5,10,5
Atezo,BLCA,KIRC,strict,node,0.1,19,235,1.0,1.0,0.6190476190476191,0.5249999999999999,24,6,10,2
Atezo,BLCA,KIRC,strict,node-matched-random,0.1,0,235,0.992,1.0,0.5714285714285714,0.5510204081632654,17,11,7,7
Atezo,BLCA,KIRC,strict,node-matched-random,0.1,1,235,1.0,1.0,0.7142857142857143,0.7096774193548387,23,8,4,7
Atezo,BLCA,KIRC,strict,node-matched-random,0.1,2,235,0.984,0.9993412384716732,0.5952380952380952,0.5528846153846154,20,6,11,5
Atezo,BLCA,KIRC,strict,node-matched-random,0.1,3,235,0.992,0.9994192799070848,0.6904761904761905,0.7352941176470589,23,11,2,6
Atezo,BLCA,KIRC,strict,node-matched-random,0.1,4,235,1.0,1.0,0.6666666666666666,0.6187683284457478,23,8,6,5
Atezo,BLCA,KIRC,strict,node-matched-random,0.1,5,235,1.0,1.0,0.6666666666666666,0.6041055718475073,24,7,7,4
Atezo,BLCA,KIRC,strict,node-matched-random,0.1,6,235,0.984,0.9996878901373283,0.6190476190476191,0.6843501326259946,21,8,8,5
Atezo,BLCA,KIRC,strict,node-matched-random,0.1,7,235,0.992,0.9993650793650795,0.6428571428571429,0.6147959183673469,20,8,7,7
Atezo,BLCA,KIRC,strict,node-matched-random,0.1,8,235,0.976,0.9990925589836661,0.6190476190476191,0.6656891495601173,20,11,5,6
Atezo,BLCA,KIRC,strict,node-matched-random,0.1,9,235,0.992,1.0,0.6190476190476191,0.6392572944297082,22,7,9,4
Atezo,BLCA,KIRC,strict,node-matched-random,0.1,10,235,1.0,1.0,0.6666666666666666,0.6218750000000001,24,8,6,4
Atezo,BLCA,KIRC,strict,node-matched-random,0.1,11,235,0.984,1.0,0.6190476190476191,0.6319444444444444,18,6,10,8
Atezo,BLCA,KIRC,strict,node-matched-random,0.1,12,235,1.0,1.0,0.6428571428571429,0.596875,22,10,5,5
Atezo,BLCA,KIRC,strict,node-matched-random,0.1,13,235,0.984,0.9985819625638117,0.6190476190476191,0.5833333333333333,22,14,2,4
Atezo,BLCA,KIRC,strict,node-matched-random,0.1,14,235,0.992,1.0,0.6904761904761905,0.7012345679012346,21,6,7,8
Atezo,BLCA,KIRC,strict,node-matched-random,0.1,15,235,0.992,0.9986824769433464,0.6428571428571429,0.6754807692307692,19,7,8,8
Atezo,BLCA,KIRC,strict,node-matched-random,0.1,16,235,0.984,1.0,0.6904761904761905,0.6604774535809018,24,5,8,5
Atezo,BLCA,KIRC,strict,node-matched-random,0.1,17,235,0.968,0.9990925589836661,0.7619047619047619,0.7126099706744868,27,4,6,5
Atezo,BLCA,KIRC,strict,node-matched-random,0.1,18,235,0.976,0.996975806451613,0.6904761904761905,0.6823529411764706,22,3,10,7
Atezo,BLCA,KIRC,strict,node-matched-random,0.1,19,235,0.992,1.0,0.6904761904761905,0.6684350132625995,23,6,7,6
Atezo,BLCA,KIRC,strict,node,0.05,0,151,0.976,0.9990786240786241,0.7619047619047619,0.8222222222222223,25,5,5,7
Atezo,BLCA,KIRC,strict,node,0.05,1,151,0.992,1.0,0.6428571428571429,0.6864197530864198,20,7,8,7
Atezo,BLCA,KIRC,strict,node,0.05,2,151,0.936,0.9876190476190476,0.5952380952380952,0.6224489795918366,20,8,9,5
Atezo,BLCA,KIRC,strict,node,0.05,3,151,0.992,1.0,0.6666666666666666,0.621875,22,10,4,6
Atezo,BLCA,KIRC,strict,node,0.05,4,151,0.992,0.9935294117647059,0.7380952380952381,0.734006734006734,26,7,4,5
Atezo,BLCA,KIRC,strict,node,0.05,5,151,0.984,0.9984643734643734,0.5714285714285714,0.6361111111111111,19,11,7,5
Atezo,BLCA,KIRC,strict,node,0.05,6,151,0.968,0.9964705882352941,0.7142857142857143,0.7575757575757576,26,7,5,4
Atezo,BLCA,KIRC,strict,node,0.05,7,151,1.0,1.0,0.5952380952380952,0.6301020408163266,18,10,7,7
Atezo,BLCA,KIRC,strict,node,0.05,8,151,0.984,0.9971428571428572,0.6904761904761905,0.7525510204081634,20,8,5,9
Atezo,BLCA,KIRC,strict,node,0.05,9,151,1.0,1.0,0.6190476190476191,0.6363636363636364,23,10,6,3
Atezo,BLCA,KIRC,strict,node,0.05,10,151,0.992,1.0,0.6666666666666666,0.7138888888888889,22,8,6,6
Atezo,BLCA,KIRC,strict,node,0.05,11,151,1.0,1.0,0.6666666666666666,0.46562499999999996,27,5,9,1
Atezo,BLCA,KIRC,strict,node,0.05,12,151,0.992,0.9996878901373283,0.6190476190476191,0.583554376657825,22,7,9,4
Atezo,BLCA,KIRC,strict,node,0.05,13,151,0.992,0.997096399535424,0.7142857142857143,0.6102941176470588,28,6,6,2
Atezo,BLCA,KIRC,strict,node,0.05,14,151,0.968,0.9953542392566782,0.7380952380952381,0.7132352941176471,27,7,4,4
Atezo,BLCA,KIRC,strict,node,0.05,15,151,1.0,1.0,0.5952380952380952,0.6275659824046921,23,8,9,2
Atezo,BLCA,KIRC,strict,node,0.05,16,151,0.984,0.999697519661222,0.6428571428571429,0.5249266862170088,23,8,7,4
Atezo,BLCA,KIRC,strict,node,0.05,17,151,0.96,0.9950062421972534,0.6428571428571429,0.5782493368700266,22,7,8,5
Atezo,BLCA,KIRC,strict,node,0.05,18,151,0.976,1.0,0.6428571428571429,0.6392961876832844,24,7,8,3
Atezo,BLCA,KIRC,strict,node,0.05,19,151,0.968,0.9946332737030412,0.5952380952380952,0.659375,20,12,5,5
Atezo,BLCA,KIRC,strict,node-matched-random,0.05,0,151,0.984,1.0,0.5,0.37665782493368705,18,11,10,3
Atezo,BLCA,KIRC,strict,node-matched-random,0.05,1,151,0.904,0.9815772462831287,0.5,0.4617283950617284,15,12,9,6
Atezo,BLCA,KIRC,strict,node-matched-random,0.05,2,151,0.912,0.9787765293383272,0.6190476190476191,0.570291777188329,18,11,5,8
Atezo,BLCA,KIRC,strict,node-matched-random,0.05,3,151,1.0,1.0,0.5476190476190477,0.5623342175066313,16,13,6,7
Atezo,BLCA,KIRC,strict,node-matched-random,0.05,4,151,0.936,0.9904761904761905,0.5714285714285714,0.5510204081632653,20,8,10,4
Atezo,BLCA,KIRC,strict,node-matched-random,0.05,5,151,0.968,0.9960677555958862,0.5714285714285714,0.5601173020527859,20,11,7,4
Atezo,BLCA,KIRC,strict,node-matched-random,0.05,6,151,0.976,0.9993857493857494,0.4523809523809524,0.36944444444444446,16,14,9,3
Atezo,BLCA,KIRC,strict,node-matched-random,0.05,7,151,0.928,0.9800249687890137,0.5714285714285714,0.6127320954907163,16,13,5,8
Atezo,BLCA,KIRC,strict,node-matched-random,0.05,8,151,0.912,0.9885057471264368,0.6428571428571429,0.38123167155425225,23,8,7,4
Atezo,BLCA,KIRC,strict,node-matched-random,0.05,9,151,0.912,0.9773379231210557,0.6428571428571429,0.4897959183673469,25,10,5,2
Atezo,BLCA,KIRC,strict,node-matched-random,0.05,10,151,0.984,1.0,0.5952380952380952,0.40583554376657827,22,7,10,3
Atezo,BLCA,KIRC,strict,node-matched-random,0.05,11,151,0.96,0.9984875983061101,0.5238095238095238,0.5777126099706744,16,15,5,6
Atezo,BLCA,KIRC,strict,node-matched-random,0.05,12,151,0.944,0.9803370786516854,0.7142857142857143,0.7108753315649868,25,4,8,5
Atezo,BLCA,KIRC,strict,node-matched-random,0.05,13,151,0.992,1.0,0.6190476190476191,0.5583333333333333,18,12,4,8
Atezo,BLCA,KIRC,strict,node-matched-random,0.05,14,151,0.968,0.9942857142857143,0.5952380952380952,0.528061224489796,19,9,8,6
Atezo,BLCA,KIRC,strict,node-matched-random,0.05,15,151,0.944,0.9953183520599251,0.6904761904761905,0.6180371352785146,22,7,6,7
Atezo,BLCA,KIRC,strict,node-matched-random,0.05,16,151,0.968,0.9996878901373283,0.6666666666666666,0.6312997347480107,19,10,4,9
Atezo,BLCA,KIRC,strict,node-matched-random,0.05,17,151,0.944,0.9963702359346642,0.5476190476190477,0.533724340175953,21,10,9,2
Atezo,BLCA,KIRC,strict,node-matched-random,0.05,18,151,1.0,1.0,0.5476190476190477,0.451530612244898,19,9,10,4
Atezo,BLCA,KIRC,strict,node-matched-random,0.05,19,151,1.0,1.0,0.5,0.4472222222222222,16,14,7,5
Atezo,BLCA,KIRC,strict,norm-node,0.1,0,242,1.0,1.0,0.7380952380952381,0.7320954907161804,24,5,6,7
Atezo,BLCA,KIRC,strict,norm-node,0.1,1,242,0.976,0.998095238095238,0.7142857142857143,0.5535714285714286,23,5,7,7
Atezo,BLCA,KIRC,strict,norm-node,0.1,2,242,0.984,1.0,0.5714285714285714,0.6339522546419097,16,13,5,8
Atezo,BLCA,KIRC,strict,norm-node,0.1,3,242,1.0,1.0,0.6190476190476191,0.6445623342175066,20,9,7,6
Atezo,BLCA,KIRC,strict,norm-node,0.1,4,242,0.984,1.0,0.5714285714285714,0.5916666666666667,19,11,7,5
Atezo,BLCA,KIRC,strict,norm-node,0.1,5,242,0.976,1.0,0.40476190476190477,0.45625000000000004,13,19,6,4
Atezo,BLCA,KIRC,strict,norm-node,0.1,6,242,1.0,1.0,0.5952380952380952,0.5198938992042441,21,8,9,4
Atezo,BLCA,KIRC,strict,norm-node,0.1,7,242,1.0,1.0,0.5714285714285714,0.5673076923076923,19,7,11,5
Atezo,BLCA,KIRC,strict,norm-node,0.1,8,242,0.984,1.0,0.6904761904761905,0.6734006734006734,26,7,6,3
Atezo,BLCA,KIRC,strict,norm-node,0.1,9,242,0.984,1.0,0.7142857142857143,0.7155425219941348,26,5,7,4
Atezo,BLCA,KIRC,strict,norm-node,0.1,10,242,0.984,0.999149177538287,0.40476190476190477,0.5833333333333334,11,25,0,6
Atezo,BLCA,KIRC,strict,norm-node,0.1,11,242,1.0,1.0,0.6904761904761905,0.620408163265306,24,11,2,5
Atezo,BLCA,KIRC,strict,norm-node,0.1,12,242,0.984,1.0,0.5238095238095238,0.5876543209876544,16,11,9,6
Atezo,BLCA,KIRC,strict,norm-node,0.1,13,242,1.0,1.0,0.6190476190476191,0.65625,23,9,7,3
Atezo,BLCA,KIRC,strict,norm-node,0.1,14,242,0.96,0.9987714987714987,0.5952380952380952,0.6055555555555555,20,10,7,5
Atezo,BLCA,KIRC,strict,norm-node,0.1,15,242,1.0,1.0,0.5476190476190477,0.46666666666666673,18,12,7,5
Atezo,BLCA,KIRC,strict,norm-node,0.1,16,242,0.976,0.9996878901373283,0.6428571428571429,0.6419098143236074,22,7,8,5
Atezo,BLCA,KIRC,strict,norm-node,0.1,17,242,1.0,1.0,0.6428571428571429,0.6583333333333333,21,9,6,6
Atezo,BLCA,KIRC,strict,norm-node,0.1,18,242,1.0,1.0,0.7380952380952381,0.7272727272727273,26,7,4,5
Atezo,BLCA,KIRC,strict,norm-node,0.1,19,242,0.984,0.9997018485390579,0.6190476190476191,0.609375,22,10,6,4
Atezo,BLCA,KIRC,strict,norm-node-matched-random,0.1,0,242,1.0,1.0,0.5952380952380952,0.68013468013468,19,14,3,6
Atezo,BLCA,KIRC,strict,norm-node-matched-random,0.1,1,242,0.984,1.0,0.5714285714285714,0.5845588235294117,19,15,3,5
Atezo,BLCA,KIRC,strict,norm-node-matched-random,0.1,2,242,1.0,1.0,0.6666666666666666,0.6138888888888888,21,9,5,7
Atezo,BLCA,KIRC,strict,norm-node-matched-random,0.1,3,242,0.992,1.0,0.6428571428571429,0.653958944281525,23,8,7,4
Atezo,BLCA,KIRC,strict,norm-node-matched-random,0.1,4,242,1.0,1.0,0.6666666666666666,0.7155425219941349,20,11,3,8
Atezo,BLCA,KIRC,strict,norm-node-matched-random,0.1,5,242,0.992,1.0,0.7142857142857143,0.6514423076923077,20,6,6,10
Atezo,BLCA,KIRC,strict,norm-node-matched-random,0.1,6,242,1.0,1.0,0.5952380952380952,0.6064814814814814,16,8,9,9
Atezo,BLCA,KIRC,strict,norm-node-matched-random,0.1,7,242,0.984,1.0,0.5238095238095238,0.48317307692307687,19,7,13,3
Atezo,BLCA,KIRC,strict,norm-node-matched-random,0.1,8,242,1.0,1.0,0.6428571428571429,0.6493827160493827,18,9,6,9
Atezo,BLCA,KIRC,strict,norm-node-matched-random,0.1,9,242,0.992,1.0,0.6666666666666666,0.5841836734693877,21,7,7,7
Atezo,BLCA,KIRC,strict,norm-node-matched-random,0.1,10,242,0.984,1.0,0.6904761904761905,0.66875,25,7,6,4
Atezo,BLCA,KIRC,strict,norm-node-matched-random,0.1,11,242,0.992,1.0,0.5952380952380952,0.5833333333333335,21,9,8,4
Atezo,BLCA,KIRC,strict,norm-node-matched-random,0.1,12,242,0.976,0.9970184853905784,0.7142857142857143,0.79375,23,9,3,7
Atezo,BLCA,KIRC,strict,norm-node-matched-random,0.1,13,242,1.0,1.0,0.5476190476190477,0.43695014662756604,19,12,7,4
Atezo,BLCA,KIRC,strict,norm-node-matched-random,0.1,14,242,0.984,0.999697519661222,0.6190476190476191,0.5542521994134897,20,11,5,6
Atezo,BLCA,KIRC,strict,norm-node-matched-random,0.1,15,242,1.0,1.0,0.6428571428571429,0.5596816976127321,22,7,8,5
Atezo,BLCA,KIRC,strict,norm-node-matched-random,0.1,16,242,1.0,1.0,0.6666666666666666,0.6000000000000001,24,6,8,4
Atezo,BLCA,KIRC,strict,norm-node-matched-random,0.1,17,242,1.0,1.0,0.7380952380952381,0.7166666666666667,26,4,7,5
Atezo,BLCA,KIRC,strict,norm-node-matched-random,0.1,18,242,0.992,1.0,0.6190476190476191,0.40441176470588236,25,9,7,1
Atezo,BLCA,KIRC,strict,norm-node-matched-random,0.1,19,242,1.0,1.0,0.6190476190476191,0.6684350132625995,20,9,7,6
Atezo,BLCA,KIRC,strict,norm-node,0.05,0,152,0.992,1.0,0.6904761904761905,0.615625,25,7,6,4
Atezo,BLCA,KIRC,strict,norm-node,0.05,1,152,0.992,1.0,0.7142857142857143,0.7135802469135802,21,6,6,9
Atezo,BLCA,KIRC,strict,norm-node,0.05,2,152,0.936,0.9847066167290887,0.6428571428571429,0.5702917771883289,21,8,7,6
Atezo,BLCA,KIRC,strict,norm-node,0.05,3,152,0.976,0.9965079365079366,0.7142857142857143,0.6428571428571429,22,6,6,8
Atezo,BLCA,KIRC,strict,norm-node,0.05,4,152,0.976,1.0,0.7380952380952381,0.7214854111405835,24,5,6,7
Atezo,BLCA,KIRC,strict,norm-node,0.05,5,152,0.944,0.9957652752571083,0.7380952380952381,0.6715542521994136,24,7,4,7
Atezo,BLCA,KIRC,strict,norm-node,0.05,6,152,1.0,1.0,0.6904761904761905,0.656891495601173,23,8,5,6
Atezo,BLCA,KIRC,strict,norm-node,0.05,7,152,0.976,0.9993136582017845,0.47619047619047616,0.4907407407407407,12,12,10,8
Atezo,BLCA,KIRC,strict,norm-node,0.05,8,152,0.992,1.0,0.7142857142857143,0.7222222222222222,24,6,6,6
Atezo,BLCA,KIRC,strict,norm-node,0.05,9,152,0.968,0.9975031210986267,0.6428571428571429,0.6684350132625995,20,9,6,7
Atezo,BLCA,KIRC,strict,norm-node,0.05,10,152,0.992,0.9988073941562313,0.6904761904761905,0.740625,21,11,2,8
Atezo,BLCA,KIRC,strict,norm-node,0.05,11,152,1.0,1.0,0.5238095238095238,0.4633431085043988,18,13,7,4
Atezo,BLCA,KIRC,strict,norm-node,0.05,12,152,0.992,1.0,0.6904761904761905,0.6,25,7,6,4
Atezo,BLCA,KIRC,strict,norm-node,0.05,13,152,0.952,0.9987515605493134,0.6428571428571429,0.506631299734748,22,7,8,5
Atezo,BLCA,KIRC,strict,norm-node,0.05,14,152,0.968,1.0,0.7857142857142857,0.7946127946127947,27,6,3,6
Atezo,BLCA,KIRC,strict,norm-node,0.05,15,152,0.976,1.0,0.7380952380952381,0.713527851458886,23,6,5,8
Atezo,BLCA,KIRC,strict,norm-node,0.05,16,152,0.976,1.0,0.6190476190476191,0.5851851851851851,18,9,7,8
Atezo,BLCA,KIRC,strict,norm-node,0.05,17,152,0.984,1.0,0.7142857142857143,0.6988235294117647,21,4,8,9
Atezo,BLCA,KIRC,strict,norm-node,0.05,18,152,0.992,1.0,0.6190476190476191,0.7235576923076923,19,7,9,7
Atezo,BLCA,KIRC,strict,norm-node,0.05,19,152,0.976,1.0,0.7380952380952381,0.7472222222222222,24,6,5,7
Atezo,BLCA,KIRC,strict,norm-node-matched-random,0.05,0,152,1.0,1.0,0.47619047619047616,0.45312499999999994,18,14,8,2
Atezo,BLCA,KIRC,strict,norm-node-matched-random,0.05,1,152,0.968,1.0,0.5,0.46153846153846156,18,11,10,3
Atezo,BLCA,KIRC,strict,norm-node-matched-random,0.05,2,152,0.992,0.9996706192358366,0.6190476190476191,0.47115384615384615,21,5,11,5
Atezo,BLCA,KIRC,strict,norm-node-matched-random,0.05,3,152,0.96,0.994668911335578,0.47619047619047616,0.4648648648648649,19,18,4,1
Atezo,BLCA,KIRC,strict,norm-node-matched-random,0.05,4,152,0.968,0.9976470588235294,0.6428571428571429,0.531986531986532,26,7,8,1
Atezo,BLCA,KIRC,strict,norm-node-matched-random,0.05,5,152,1.0,1.0,0.5238095238095238,0.44781144781144777,20,13,7,2
Atezo,BLCA,KIRC,strict,norm-node-matched-random,0.05,6,152,0.984,1.0,0.5714285714285714,0.5395894428152492,20,11,7,4
Atezo,BLCA,KIRC,strict,norm-node-matched-random,0.05,7,152,0.944,0.9970355731225297,0.5952380952380952,0.5384615384615384,18,8,9,7
Atezo,BLCA,KIRC,strict,norm-node-matched-random,0.05,8,152,0.944,0.9928214731585518,0.5,0.6047745358090185,15,14,7,6
Atezo,BLCA,KIRC,strict,norm-node-matched-random,0.05,9,152,0.912,0.9800362976406534,0.6666666666666666,0.6715542521994134,21,10,4,7
Atezo,BLCA,KIRC,strict,norm-node-matched-random,0.05,10,152,0.96,0.994920634920635,0.6190476190476191,0.5331632653061225,19,9,7,7
Atezo,BLCA,KIRC,strict,norm-node-matched-random,0.05,11,152,0.968,0.9952380952380953,0.6666666666666666,0.5510204081632654,20,8,6,8
Atezo,BLCA,KIRC,strict,norm-node-matched-random,0.05,12,152,0.952,0.9963702359346642,0.6428571428571429,0.6070381231671553,24,7,8,3
Atezo,BLCA,KIRC,strict,norm-node-matched-random,0.05,13,152,0.976,0.9996878901373283,0.47619047619047616,0.38196286472148544,18,11,11,2
Atezo,BLCA,KIRC,strict,norm-node-matched-random,0.05,14,152,0.984,1.0,0.6428571428571429,0.5480769230769231,19,7,8,8
Atezo,BLCA,KIRC,strict,norm-node-matched-random,0.05,15,152,0.944,0.993015873015873,0.5,0.5,16,12,9,5
Atezo,BLCA,KIRC,strict,norm-node-matched-random,0.05,16,152,0.992,1.0,0.6190476190476191,0.43750000000000006,24,10,6,2
Atezo,BLCA,KIRC,strict,norm-node-matched-random,0.05,17,152,0.968,1.0,0.5238095238095238,0.4297082228116711,19,10,10,3
Atezo,BLCA,KIRC,strict,norm-node-matched-random,0.05,18,152,0.96,0.9993950393224441,0.6428571428571429,0.6334310850439883,24,7,8,3
Atezo,BLCA,KIRC,strict,norm-node-matched-random,0.05,19,152,0.96,0.9975031210986267,0.6666666666666666,0.6763925729442971,20,9,5,8
Atezo,BLCA,KIRC,loose,edge,0.1,0,126,0.952,0.9880739415623137,0.5952380952380952,0.6781250000000001,23,9,8,2
Atezo,BLCA,KIRC,loose,edge,0.1,1,126,0.992,1.0,0.5714285714285714,0.6023529411764705,16,9,9,8
Atezo,BLCA,KIRC,loose,edge,0.1,2,126,0.944,0.9809437386569873,0.5,0.5161290322580645,17,14,7,4
Atezo,BLCA,KIRC,loose,edge,0.1,3,126,0.976,0.9997018485390579,0.5952380952380952,0.615625,20,12,5,5
Atezo,BLCA,KIRC,loose,edge,0.1,4,126,0.952,0.998235294117647,0.6428571428571429,0.6094276094276094,23,10,5,4
Atezo,BLCA,KIRC,loose,edge,0.1,5,126,1.0,1.0,0.7142857142857143,0.7029177718832892,23,6,6,7
Atezo,BLCA,KIRC,loose,edge,0.1,6,126,0.984,1.0,0.6666666666666666,0.6388888888888888,21,9,5,7
Atezo,BLCA,KIRC,loose,edge,0.1,7,126,0.992,0.9963702359346642,0.5476190476190477,0.404692082111437,22,9,10,1
Atezo,BLCA,KIRC,loose,edge,0.1,8,126,0.984,1.0,0.6428571428571429,0.6428571428571429,23,5,10,4
Atezo,BLCA,KIRC,loose,edge,0.1,9,126,1.0,1.0,0.6428571428571429,0.6444444444444444,22,8,7,5
Atezo,BLCA,KIRC,loose,edge,0.1,10,126,0.984,1.0,0.7619047619047619,0.6187683284457478,26,5,5,6
Atezo,BLCA,KIRC,loose,edge,0.1,11,126,0.904,0.9703495630461922,0.6428571428571429,0.6339522546419099,23,6,9,4
Atezo,BLCA,KIRC,loose,edge,0.1,12,126,0.984,1.0,0.5952380952380952,0.6286472148541115,22,7,10,3
Atezo,BLCA,KIRC,loose,edge,0.1,13,126,0.968,0.9964447317388494,0.5476190476190477,0.5037037037037038,19,8,11,4
Atezo,BLCA,KIRC,loose,edge,0.1,14,126,0.976,0.9996928746928747,0.6190476190476191,0.4527777777777778,22,8,8,4
Atezo,BLCA,KIRC,loose,edge,0.1,15,126,0.984,1.0,0.7380952380952381,0.6397058823529412,26,8,3,5
Atezo,BLCA,KIRC,loose,edge,0.1,16,126,0.96,1.0,0.6428571428571429,0.5654320987654321,20,7,8,7
Atezo,BLCA,KIRC,loose,edge,0.1,17,126,0.936,0.9997096399535425,0.6428571428571429,0.49632352941176466,25,9,6,2
Atezo,BLCA,KIRC,loose,edge,0.1,18,126,0.912,0.9754363283775048,0.6190476190476191,0.5506172839506174,21,6,10,5
Atezo,BLCA,KIRC,loose,edge,0.1,19,126,0.936,0.9870717517776341,0.6190476190476191,0.5506172839506174,19,8,8,7
Atezo,BLCA,KIRC,loose,edge-matched-random,0.1,0,126,0.976,0.992014742014742,0.6190476190476191,0.4833333333333333,22,8,8,4
Atezo,BLCA,KIRC,loose,edge-matched-random,0.1,1,126,0.968,0.9984126984126984,0.5952380952380952,0.5561224489795918,18,10,7,7
Atezo,BLCA,KIRC,loose,edge-matched-random,0.1,2,126,0.992,1.0,0.6190476190476191,0.6123456790123457,19,8,8,7
Atezo,BLCA,KIRC,loose,edge-matched-random,0.1,3,126,0.96,0.9966397849462366,0.6428571428571429,0.5694117647058823,22,3,12,5
Atezo,BLCA,KIRC,loose,edge-matched-random,0.1,4,126,0.968,0.9980237154150198,0.6666666666666666,0.6730769230769231,22,4,10,6
Atezo,BLCA,KIRC,loose,edge-matched-random,0.1,5,126,0.936,0.9930429522081065,0.7142857142857143,0.6774193548387097,25,6,6,5
Atezo,BLCA,KIRC,loose,edge-matched-random,0.1,6,126,1.0,1.0,0.6666666666666666,0.5865102639296188,23,8,6,5
Atezo,BLCA,KIRC,loose,edge-matched-random,0.1,7,126,0.96,0.995085995085995,0.6428571428571429,0.6527777777777778,20,10,5,7
Atezo,BLCA,KIRC,loose,edge-matched-random,0.1,8,126,0.992,1.0,0.5714285714285714,0.5305039787798409,20,9,9,4
Atezo,BLCA,KIRC,loose,edge-matched-random,0.1,9,126,1.0,1.0,0.6190476190476191,0.6098765432098765,21,6,10,5
Atezo,BLCA,KIRC,loose,edge-matched-random,0.1,10,126,0.984,0.9993757802746567,0.6190476190476191,0.6312997347480107,21,8,8,5
Atezo,BLCA,KIRC,loose,edge-matched-random,0.1,11,126,0.928,0.9839357429718876,0.7857142857142857,0.8244897959183674,29,6,3,4
Atezo,BLCA,KIRC,loose,edge-matched-random,0.1,12,126,0.92,0.9897891963109354,0.5476190476190477,0.5048076923076924,18,8,11,5
Atezo,BLCA,KIRC,loose,edge-matched-random,0.1,13,126,0.992,1.0,0.5952380952380952,0.5055555555555555,24,6,11,1
Atezo,BLCA,KIRC,loose,edge-matched-random,0.1,14,126,0.968,0.9990303813833226,0.5476190476190477,0.5555555555555556,19,8,11,4
Atezo,BLCA,KIRC,loose,edge-matched-random,0.1,15,126,0.92,0.9883645765998708,0.6904761904761905,0.6938271604938271,22,5,8,7
Atezo,BLCA,KIRC,loose,edge-matched-random,0.1,16,126,0.92,0.9847619047619047,0.5952380952380952,0.5765306122448979,18,10,7,7
Atezo,BLCA,KIRC,loose,edge-matched-random,0.1,17,126,0.936,0.990459153249851,0.6190476190476191,0.49062500000000003,23,9,7,3
Atezo,BLCA,KIRC,loose,edge-matched-random,0.1,18,126,1.0,1.0,0.5,0.46562500000000007,18,14,7,3
Atezo,BLCA,KIRC,loose,edge-matched-random,0.1,19,126,0.976,0.9985294117647059,0.6904761904761905,0.569023569023569,25,8,5,4
Atezo,BLCA,KIRC,loose,edge,0.05,0,84,0.968,0.9937388193202147,0.5714285714285714,0.471875,22,10,8,2
Atezo,BLCA,KIRC,loose,edge,0.05,1,84,0.968,0.9993412384716732,0.5714285714285714,0.6418269230769231,16,10,8,8
Atezo,BLCA,KIRC,loose,edge,0.05,2,84,0.888,0.9509987515605494,0.42857142857142855,0.3421750663129974,14,15,9,4
Atezo,BLCA,KIRC,loose,edge,0.05,3,84,0.968,0.9984643734643734,0.6428571428571429,0.6472222222222223,21,9,6,6
Atezo,BLCA,KIRC,loose,edge,0.05,4,84,0.912,0.9676190476190476,0.6190476190476191,0.6326530612244898,22,6,10,4
Atezo,BLCA,KIRC,loose,edge,0.05,5,84,0.952,0.998095238095238,0.5714285714285714,0.5663265306122448,18,10,8,6
Atezo,BLCA,KIRC,loose,edge,0.05,6,84,0.936,0.985178463399879,0.6904761904761905,0.7741935483870968,21,10,3,8
Atezo,BLCA,KIRC,loose,edge,0.05,7,84,0.944,0.9984394506866416,0.6190476190476191,0.6419098143236075,23,6,10,3
Atezo,BLCA,KIRC,loose,edge,0.05,8,84,0.952,0.9963144963144963,0.5238095238095238,0.5472222222222223,16,14,6,6
Atezo,BLCA,KIRC,loose,edge,0.05,9,84,0.952,0.9912734324499031,0.5,0.40740740740740744,17,10,11,4
Atezo,BLCA,KIRC,loose,edge,0.05,10,84,0.888,0.9652948402948404,0.6190476190476191,0.725,23,7,9,3
Atezo,BLCA,KIRC,loose,edge,0.05,11,84,0.896,0.9878277153558053,0.5952380952380952,0.7055702917771884,21,8,9,4
Atezo,BLCA,KIRC,loose,edge,0.05,12,84,0.944,0.9978501228501229,0.6428571428571429,0.6694444444444445,21,9,6,6
Atezo,BLCA,KIRC,loose,edge,0.05,13,84,0.872,0.9349667271627344,0.6190476190476191,0.6011730205278593,19,12,4,7
Atezo,BLCA,KIRC,loose,edge,0.05,14,84,0.944,0.9978152309612984,0.6904761904761905,0.6816976127320955,24,5,8,5
Atezo,BLCA,KIRC,loose,edge,0.05,15,84,0.952,0.9897003745318351,0.6428571428571429,0.6286472148541113,22,7,8,5
Atezo,BLCA,KIRC,loose,edge,0.05,16,84,0.928,0.9885057471264368,0.6666666666666666,0.6686217008797655,22,9,5,6
Atezo,BLCA,KIRC,loose,edge,0.05,17,84,0.944,0.9892665474060823,0.6666666666666666,0.696875,21,11,3,7
Atezo,BLCA,KIRC,loose,edge,0.05,18,84,0.96,0.9925093632958801,0.5238095238095238,0.5066312997347481,17,12,8,5
Atezo,BLCA,KIRC,loose,edge,0.05,19,84,0.944,0.984875983061101,0.6666666666666666,0.6363636363636364,25,6,8,3
Atezo,BLCA,KIRC,loose,edge-matched-random,0.05,0,84,0.872,0.9553975436328377,0.5476190476190477,0.582716049382716,18,9,10,5
Atezo,BLCA,KIRC,loose,edge-matched-random,0.05,1,84,0.84,0.9197530864197532,0.6904761904761905,0.654054054054054,27,10,3,2
Atezo,BLCA,KIRC,loose,edge-matched-random,0.05,2,84,0.968,0.9966216216216216,0.6428571428571429,0.5361111111111111,21,9,6,6
Atezo,BLCA,KIRC,loose,edge-matched-random,0.05,3,84,0.936,0.9803174603174604,0.5714285714285714,0.6122448979591837,19,9,9,5
Atezo,BLCA,KIRC,loose,edge-matched-random,0.05,4,84,0.832,0.9267647058823529,0.6190476190476191,0.5993265993265993,21,12,4,5
Atezo,BLCA,KIRC,loose,edge-matched-random,0.05,5,84,0.936,0.984394506866417,0.6904761904761905,0.7798408488063661,21,8,5,8
Atezo,BLCA,KIRC,loose,edge-matched-random,0.05,6,84,0.952,0.9983530961791831,0.6428571428571429,0.6033653846153846,23,3,12,4
Atezo,BLCA,KIRC,loose,edge-matched-random,0.05,7,84,0.888,0.9760442260442261,0.6190476190476191,0.5694444444444444,21,9,7,5
Atezo,BLCA,KIRC,loose,edge-matched-random,0.05,8,84,0.8,0.921470588235294,0.6666666666666666,0.6531986531986532,24,9,5,4
Atezo,BLCA,KIRC,loose,edge-matched-random,0.05,9,84,0.992,0.9996878901373283,0.5476190476190477,0.5251989389920424,19,10,9,4
Atezo,BLCA,KIRC,loose,edge-matched-random,0.05,10,84,0.968,1.0,0.5,0.4693877551020408,15,13,8,6
Atezo,BLCA,KIRC,loose,edge-matched-random,0.05,11,84,0.832,0.9319419237749547,0.5238095238095238,0.563049853372434,19,12,8,3
Atezo,BLCA,KIRC,loose,edge-matched-random,0.05,12,84,0.888,0.9422262552934059,0.6904761904761905,0.6598240469208211,22,9,4,7
Atezo,BLCA,KIRC,loose,edge-matched-random,0.05,13,84,0.864,0.9517460317460317,0.5952380952380952,0.5714285714285714,19,9,8,6
Atezo,BLCA,KIRC,loose,edge-matched-random,0.05,14,84,0.872,0.956764705882353,0.5952380952380952,0.49158249158249157,20,13,4,5
Atezo,BLCA,KIRC,loose,edge-matched-random,0.05,15,84,0.856,0.934769038701623,0.6428571428571429,0.689655172413793,18,11,4,9
Atezo,BLCA,KIRC,loose,edge-matched-random,0.05,16,84,0.944,0.9970355731225297,0.6904761904761905,0.6682692307692307,20,6,7,9
Atezo,BLCA,KIRC,loose,edge-matched-random,0.05,17,84,0.96,0.9972776769509982,0.6666666666666666,0.533724340175953,24,7,7,4
Atezo,BLCA,KIRC,loose,edge-matched-random,0.05,18,84,0.944,0.9871007371007371,0.6190476190476191,0.5638888888888889,22,8,8,4
Atezo,BLCA,KIRC,loose,edge-matched-random,0.05,19,84,0.928,0.9927404718693285,0.5952380952380952,0.6217008797653959,21,10,7,4
Atezo,BLCA,KIRC,loose,node,0.1,0,58,0.792,0.8904761904761904,0.6904761904761905,0.6454081632653061,21,7,6,8
Atezo,BLCA,KIRC,loose,node,0.1,1,58,0.88,0.9738202973497092,0.5714285714285714,0.5407407407407409,18,9,9,6
Atezo,BLCA,KIRC,loose,node,0.1,2,58,0.824,0.8978919631093545,0.6904761904761905,0.6586538461538461,20,6,7,9
Atezo,BLCA,KIRC,loose,node,0.1,3,58,0.896,0.9534180278281912,0.5476190476190477,0.5835777126099706,17,14,5,6
Atezo,BLCA,KIRC,loose,node,0.1,4,58,0.832,0.9198427102238355,0.5,0.49560117302052786,18,13,8,3
Atezo,BLCA,KIRC,loose,node,0.1,5,58,0.872,0.9457142857142857,0.6904761904761905,0.6581632653061223,20,8,5,9
Atezo,BLCA,KIRC,loose,node,0.1,6,58,0.848,0.9425675675675675,0.5476190476190477,0.4472222222222223,20,10,9,3
Atezo,BLCA,KIRC,loose,node,0.1,7,58,0.88,0.9206349206349206,0.5,0.528061224489796,17,11,10,4
Atezo,BLCA,KIRC,loose,node,0.1,8,58,0.824,0.9308968058968059,0.5238095238095238,0.5027777777777778,16,14,6,6
Atezo,BLCA,KIRC,loose,node,0.1,9,58,0.856,0.9407138535995161,0.5952380952380952,0.5718475073313782,20,11,6,5
Atezo,BLCA,KIRC,loose,node,0.1,10,58,0.816,0.9076190476190475,0.5,0.5255102040816326,15,13,8,6
Atezo,BLCA,KIRC,loose,node,0.1,11,58,0.888,0.9656679151061174,0.5714285714285714,0.519893899204244,19,10,8,5
Atezo,BLCA,KIRC,loose,node,0.1,12,58,0.888,0.966031746031746,0.5714285714285714,0.5127551020408163,19,9,9,5
Atezo,BLCA,KIRC,loose,node,0.1,13,58,0.776,0.8710407239819005,0.5476190476190477,0.6567901234567901,16,11,8,7
Atezo,BLCA,KIRC,loose,node,0.1,14,58,0.88,0.9653397391901167,0.6428571428571429,0.6226851851851852,18,6,9,9
Atezo,BLCA,KIRC,loose,node,0.1,15,58,0.88,0.9499385749385749,0.6428571428571429,0.611111111111111,22,8,7,5
Atezo,BLCA,KIRC,loose,node,0.1,16,58,0.816,0.9014127764127764,0.5476190476190477,0.5833333333333334,17,13,6,6
Atezo,BLCA,KIRC,loose,node,0.1,17,58,0.872,0.9278473464519976,0.6190476190476191,0.653125,21,11,5,5
Atezo,BLCA,KIRC,loose,node,0.1,18,58,0.856,0.9460049937578027,0.5,0.506631299734748,14,15,6,7
Atezo,BLCA,KIRC,loose,node,0.1,19,58,0.824,0.9324769433465085,0.5714285714285714,0.5408653846153846,18,8,10,6
Atezo,BLCA,KIRC,loose,node-matched-random,0.1,0,58,0.824,0.8952702702702704,0.5,0.45833333333333337,16,14,7,5
Atezo,BLCA,KIRC,loose,node-matched-random,0.1,1,58,0.84,0.9344569288389514,0.6428571428571429,0.5809018567639258,22,7,8,5
Atezo,BLCA,KIRC,loose,node-matched-random,0.1,2,58,0.864,0.9520884520884522,0.6428571428571429,0.6194444444444445,20,10,5,7
Atezo,BLCA,KIRC,loose,node-matched-random,0.1,3,58,0.8,0.8787053841500303,0.47619047619047616,0.3548387096774194,16,15,7,4
Atezo,BLCA,KIRC,loose,node-matched-random,0.1,4,58,0.832,0.9166666666666667,0.5238095238095238,0.5360576923076923,16,10,10,6
Atezo,BLCA,KIRC,loose,node-matched-random,0.1,5,58,0.832,0.9087656529516994,0.5476190476190477,0.6187499999999999,17,15,4,6
Atezo,BLCA,KIRC,loose,node-matched-random,0.1,6,58,0.784,0.8981900452488688,0.6190476190476191,0.6271604938271605,20,7,9,6
Atezo,BLCA,KIRC,loose,node-matched-random,0.1,7,58,0.824,0.9328493647912885,0.5476190476190477,0.5425219941348973,17,14,5,6
Atezo,BLCA,KIRC,loose,node-matched-random,0.1,8,58,0.808,0.9120588235294118,0.5476190476190477,0.5420875420875421,21,12,7,2
Atezo,BLCA,KIRC,loose,node-matched-random,0.1,9,58,0.8,0.8845208845208845,0.47619047619047616,0.4555555555555556,14,16,6,6
Atezo,BLCA,KIRC,loose,node-matched-random,0.1,10,58,0.856,0.9502262443438914,0.5238095238095238,0.4962962962962963,16,11,9,6
Atezo,BLCA,KIRC,loose,node-matched-random,0.1,11,58,0.872,0.9344569288389513,0.6190476190476191,0.5729442970822282,22,7,9,4
Atezo,BLCA,KIRC,loose,node-matched-random,0.1,12,58,0.824,0.9272784019975031,0.6428571428571429,0.4960212201591512,23,6,9,4
Atezo,BLCA,KIRC,loose,node-matched-random,0.1,13,58,0.792,0.8916978776529338,0.6666666666666666,0.649867374005305,20,9,5,8
Atezo,BLCA,KIRC,loose,node-matched-random,0.1,14,58,0.8,0.8798377028714107,0.6190476190476191,0.6259946949602122,19,10,6,7
Atezo,BLCA,KIRC,loose,node-matched-random,0.1,15,58,0.792,0.8941318814277073,0.5238095238095238,0.4721407624633431,19,12,8,3
Atezo,BLCA,KIRC,loose,node-matched-random,0.1,16,58,0.816,0.9025044722719141,0.5714285714285714,0.5843750000000001,17,15,3,7
Atezo,BLCA,KIRC,loose,node-matched-random,0.1,17,58,0.848,0.9339682539682539,0.5476190476190477,0.5790816326530612,18,10,9,5
Atezo,BLCA,KIRC,loose,node-matched-random,0.1,18,58,0.824,0.9203935599284436,0.4523809523809524,0.47187500000000004,16,16,7,3
Atezo,BLCA,KIRC,loose,node-matched-random,0.1,19,58,0.792,0.9254057428214731,0.6666666666666666,0.6631299734748011,21,8,6,7
Atezo,BLCA,KIRC,loose,node,0.05,0,45,0.776,0.8790476190476191,0.6428571428571429,0.5510204081632653,20,8,7,7
Atezo,BLCA,KIRC,loose,node,0.05,1,45,0.792,0.8747763864042933,0.5714285714285714,0.575,20,12,6,4
Atezo,BLCA,KIRC,loose,node,0.05,2,45,0.792,0.8863920099875157,0.5,0.3527851458885942,17,12,9,4
Atezo,BLCA,KIRC,loose,node,0.05,3,45,0.816,0.8898252184769038,0.6190476190476191,0.6312997347480107,19,10,6,7
Atezo,BLCA,KIRC,loose,node,0.05,4,45,0.832,0.895341802782819,0.5476190476190477,0.5161290322580645,18,13,6,5
Atezo,BLCA,KIRC,loose,node,0.05,5,45,0.784,0.8839066339066339,0.5238095238095238,0.5333333333333333,16,14,6,6
Atezo,BLCA,KIRC,loose,node,0.05,6,45,0.752,0.8419797257006558,0.5714285714285714,0.525,19,13,5,5
Atezo,BLCA,KIRC,loose,node,0.05,7,45,0.776,0.8750756200846945,0.6428571428571429,0.6744868035190617,21,10,5,6
Atezo,BLCA,KIRC,loose,node,0.05,8,45,0.776,0.886977886977887,0.5714285714285714,0.5583333333333333,19,11,7,5
Atezo,BLCA,KIRC,loose,node,0.05,9,45,0.736,0.8590441621294617,0.6428571428571429,0.6392961876832844,22,9,6,5
Atezo,BLCA,KIRC,loose,node,0.05,10,45,0.856,0.9247619047619048,0.5952380952380952,0.5255102040816327,20,8,9,5
Atezo,BLCA,KIRC,loose,node,0.05,11,45,0.8,0.8642322097378277,0.5714285714285714,0.5384615384615385,19,10,8,5
Atezo,BLCA,KIRC,loose,node,0.05,12,45,0.808,0.9239256678281069,0.5714285714285714,0.45220588235294124,21,13,5,3
Atezo,BLCA,KIRC,loose,node,0.05,13,45,0.856,0.942792501616031,0.6190476190476191,0.508641975308642,24,3,13,2
Atezo,BLCA,KIRC,loose,node,0.05,14,45,0.816,0.8870005963029219,0.6190476190476191,0.634375,21,11,5,5
Atezo,BLCA,KIRC,loose,node,0.05,15,45,0.832,0.9201474201474202,0.47619047619047616,0.4805555555555556,15,15,7,5
Atezo,BLCA,KIRC,loose,node,0.05,16,45,0.776,0.8753726893261777,0.7619047619047619,0.7687499999999999,24,8,2,8
Atezo,BLCA,KIRC,loose,node,0.05,17,45,0.832,0.8818234610917538,0.5714285714285714,0.536764705882353,23,11,7,1
Atezo,BLCA,KIRC,loose,node,0.05,18,45,0.76,0.8691910499139415,0.6904761904761905,0.6408163265306123,26,9,4,3
Atezo,BLCA,KIRC,loose,node,0.05,19,45,0.856,0.9554668304668306,0.47619047619047616,0.44722222222222224,14,16,6,6
Atezo,BLCA,KIRC,loose,node-matched-random,0.05,0,45,0.704,0.8083613916947251,0.5,0.454054054054054,19,18,3,2
Atezo,BLCA,KIRC,loose,node-matched-random,0.05,1,45,0.752,0.8109756097560976,0.35714285714285715,0.40808823529411764,12,22,5,3
Atezo,BLCA,KIRC,loose,node-matched-random,0.05,2,45,0.784,0.8768905021173623,0.40476190476190477,0.2932551319648094,14,17,8,3
Atezo,BLCA,KIRC,loose,node-matched-random,0.05,3,45,0.792,0.8476658476658476,0.5714285714285714,0.4472222222222222,19,11,7,5
Atezo,BLCA,KIRC,loose,node-matched-random,0.05,4,45,0.616,0.7330158730158731,0.5714285714285714,0.556122448979592,16,12,6,8
Atezo,BLCA,KIRC,loose,node-matched-random,0.05,5,45,0.792,0.873015873015873,0.38095238095238093,0.4030612244897959,10,18,8,6
Atezo,BLCA,KIRC,loose,node-matched-random,0.05,6,45,0.688,0.7793148880105402,0.5,0.5096153846153846,16,10,11,5
Atezo,BLCA,KIRC,loose,node-matched-random,0.05,7,45,0.712,0.7942754919499105,0.5,0.475,19,13,8,2
Atezo,BLCA,KIRC,loose,node-matched-random,0.05,8,45,0.72,0.8298525798525799,0.5238095238095238,0.4027777777777778,18,12,8,4
Atezo,BLCA,KIRC,loose,node-matched-random,0.05,9,45,0.728,0.7939773404889684,0.5238095238095238,0.565625,18,14,6,4
Atezo,BLCA,KIRC,loose,node-matched-random,0.05,10,45,0.72,0.8083538083538083,0.5238095238095238,0.4388888888888889,19,11,9,3
Atezo,BLCA,KIRC,loose,node-matched-random,0.05,11,45,0.776,0.8661048689138577,0.38095238095238093,0.3050397877984085,14,15,11,2
Atezo,BLCA,KIRC,loose,node-matched-random,0.05,12,45,0.736,0.8294010889292196,0.47619047619047616,0.436950146627566,16,15,7,4
Atezo,BLCA,KIRC,loose,node-matched-random,0.05,13,45,0.792,0.8545568039950062,0.5238095238095238,0.480106100795756,15,14,6,7
Atezo,BLCA,KIRC,loose,node-matched-random,0.05,14,45,0.696,0.8294010889292196,0.5,0.3724340175953079,18,13,8,3
Atezo,BLCA,KIRC,loose,node-matched-random,0.05,15,45,0.784,0.8811252268602541,0.3333333333333333,0.26979472140762467,11,20,8,3
Atezo,BLCA,KIRC,loose,node-matched-random,0.05,16,45,0.728,0.7908476658476659,0.40476190476190477,0.4027777777777778,11,19,6,6
Atezo,BLCA,KIRC,loose,node-matched-random,0.05,17,45,0.712,0.812063492063492,0.42857142857142855,0.45408163265306123,13,15,9,5
Atezo,BLCA,KIRC,loose,node-matched-random,0.05,18,45,0.824,0.8787301587301587,0.5476190476190477,0.43112244897959184,18,10,9,5
Atezo,BLCA,KIRC,loose,node-matched-random,0.05,19,45,0.776,0.8556511056511057,0.30952380952380953,0.28055555555555556,10,20,9,3
Atezo,BLCA,KIRC,loose,norm-node,0.1,0,72,0.896,0.9722719141323792,0.6666666666666666,0.571875,25,7,7,3
Atezo,BLCA,KIRC,loose,norm-node,0.1,1,72,0.912,0.9767291531997414,0.5714285714285714,0.49876543209876545,19,8,10,5
Atezo,BLCA,KIRC,loose,norm-node,0.1,2,72,0.936,0.9904479578392622,0.6666666666666666,0.6370192307692307,19,7,7,9
Atezo,BLCA,KIRC,loose,norm-node,0.1,3,72,0.84,0.9495238095238094,0.5952380952380952,0.5892857142857142,19,9,8,6
Atezo,BLCA,KIRC,loose,norm-node,0.1,4,72,0.88,0.9528920691711389,0.5952380952380952,0.703125,18,14,3,7
Atezo,BLCA,KIRC,loose,norm-node,0.1,5,72,0.88,0.9466817923993194,0.5476190476190477,0.4212962962962963,21,15,4,2
Atezo,BLCA,KIRC,loose,norm-node,0.1,6,72,0.864,0.9402068519715578,0.5952380952380952,0.5925925925925926,20,7,10,5
Atezo,BLCA,KIRC,loose,norm-node,0.1,7,72,0.864,0.9425717852684145,0.6666666666666666,0.6233421750663131,22,7,7,6
Atezo,BLCA,KIRC,loose,norm-node,0.1,8,72,0.824,0.9279250161603102,0.47619047619047616,0.5481481481481482,17,10,12,3
Atezo,BLCA,KIRC,loose,norm-node,0.1,9,72,0.84,0.9292063492063493,0.47619047619047616,0.5127551020408163,12,16,6,8
Atezo,BLCA,KIRC,loose,norm-node,0.1,10,72,0.88,0.9711111111111111,0.6904761904761905,0.7091836734693877,20,8,5,9
Atezo,BLCA,KIRC,loose,norm-node,0.1,11,72,0.88,0.9700544464609802,0.6666666666666666,0.624633431085044,23,8,6,5
Atezo,BLCA,KIRC,loose,norm-node,0.1,12,72,0.84,0.9253685503685504,0.6666666666666666,0.7,22,8,6,6
Atezo,BLCA,KIRC,loose,norm-node,0.1,13,72,0.896,0.970661672908864,0.6428571428571429,0.596816976127321,20,9,6,7
Atezo,BLCA,KIRC,loose,norm-node,0.1,14,72,0.912,0.9780952380952381,0.6190476190476191,0.4872448979591837,21,7,9,5
Atezo,BLCA,KIRC,loose,norm-node,0.1,15,72,0.936,0.9949596774193549,0.6428571428571429,0.5176470588235293,20,5,10,7
Atezo,BLCA,KIRC,loose,norm-node,0.1,16,72,0.84,0.9171428571428571,0.6428571428571429,0.6581632653061225,20,8,7,7
Atezo,BLCA,KIRC,loose,norm-node,0.1,17,72,0.928,0.9827882960413081,0.6428571428571429,0.3755102040816326,26,9,6,1
Atezo,BLCA,KIRC,loose,norm-node,0.1,18,72,0.92,0.972051597051597,0.6190476190476191,0.5666666666666667,20,10,6,6
Atezo,BLCA,KIRC,loose,norm-node,0.1,19,72,0.856,0.936005171299289,0.6190476190476191,0.6320987654320988,20,7,9,6
Atezo,BLCA,KIRC,loose,norm-node-matched-random,0.1,0,72,0.848,0.9486102133160956,0.5952380952380952,0.5728395061728395,19,8,9,6
Atezo,BLCA,KIRC,loose,norm-node-matched-random,0.1,1,72,0.896,0.97167325428195,0.5,0.5360576923076923,15,11,10,6
Atezo,BLCA,KIRC,loose,norm-node-matched-random,0.1,2,72,0.92,0.9793650793650793,0.5714285714285714,0.5076530612244898,20,8,10,4
Atezo,BLCA,KIRC,loose,norm-node-matched-random,0.1,3,72,0.824,0.9295220810647309,0.5714285714285714,0.5689149560117301,22,9,9,2
Atezo,BLCA,KIRC,loose,norm-node-matched-random,0.1,4,72,0.888,0.964221824686941,0.6666666666666666,0.63125,22,10,4,6
Atezo,BLCA,KIRC,loose,norm-node-matched-random,0.1,5,72,0.848,0.928741800834824,0.6904761904761905,0.6625000000000001,24,8,5,5
Atezo,BLCA,KIRC,loose,norm-node-matched-random,0.1,6,72,0.912,0.9685294117647059,0.6190476190476191,0.4915824915824916,22,11,5,4
Atezo,BLCA,KIRC,loose,norm-node-matched-random,0.1,7,72,0.864,0.9394117647058824,0.5714285714285714,0.5151515151515151,20,13,5,4
Atezo,BLCA,KIRC,loose,norm-node-matched-random,0.1,8,72,0.92,0.9717460317460317,0.7142857142857143,0.6887755102040816,20,8,4,10
Atezo,BLCA,KIRC,loose,norm-node-matched-random,0.1,9,72,0.864,0.9464609800362977,0.6666666666666666,0.6803519061583578,24,7,7,4
Atezo,BLCA,KIRC,loose,norm-node-matched-random,0.1,10,72,0.88,0.9594676346037507,0.6190476190476191,0.7008797653958945,20,11,5,6
Atezo,BLCA,KIRC,loose,norm-node-matched-random,0.1,11,72,0.88,0.9653968253968254,0.5238095238095238,0.5025510204081634,17,11,9,5
Atezo,BLCA,KIRC,loose,norm-node-matched-random,0.1,12,72,0.84,0.9263565891472868,0.6190476190476191,0.54375,21,11,5,5
Atezo,BLCA,KIRC,loose,norm-node-matched-random,0.1,13,72,0.88,0.9543010752688172,0.5238095238095238,0.5294117647058824,16,9,11,6
Atezo,BLCA,KIRC,loose,norm-node-matched-random,0.1,14,72,0.848,0.936641697877653,0.6190476190476191,0.5517241379310345,18,11,5,8
Atezo,BLCA,KIRC,loose,norm-node-matched-random,0.1,15,72,0.872,0.9637023593466425,0.5238095238095238,0.46041055718475077,19,12,8,3
Atezo,BLCA,KIRC,loose,norm-node-matched-random,0.1,16,72,0.792,0.9041769041769042,0.6190476190476191,0.6583333333333333,19,11,5,7
Atezo,BLCA,KIRC,loose,norm-node-matched-random,0.1,17,72,0.944,0.9953886693017128,0.6190476190476191,0.6057692307692308,21,5,11,5
Atezo,BLCA,KIRC,loose,norm-node-matched-random,0.1,18,72,0.824,0.9288389513108615,0.5952380952380952,0.6100795755968169,17,12,5,8
Atezo,BLCA,KIRC,loose,norm-node-matched-random,0.1,19,72,0.856,0.947957839262187,0.5952380952380952,0.6129807692307693,15,11,6,10
Atezo,BLCA,KIRC,loose,norm-node,0.05,0,39,0.824,0.9166127989657401,0.47619047619047616,0.5382716049382716,15,12,10,5
Atezo,BLCA,KIRC,loose,norm-node,0.05,1,39,0.76,0.8694096601073346,0.6190476190476191,0.51875,21,11,5,5
Atezo,BLCA,KIRC,loose,norm-node,0.05,2,39,0.776,0.8697078115682766,0.5238095238095238,0.53125,17,15,5,5
Atezo,BLCA,KIRC,loose,norm-node,0.05,3,39,0.792,0.8418304668304668,0.6904761904761905,0.6888888888888889,20,10,3,9
Atezo,BLCA,KIRC,loose,norm-node,0.05,4,39,0.8,0.8584152334152334,0.5714285714285714,0.425,21,9,9,3
Atezo,BLCA,KIRC,loose,norm-node,0.05,5,39,0.848,0.9269662921348314,0.5952380952380952,0.4854111405835545,19,10,7,6
Atezo,BLCA,KIRC,loose,norm-node,0.05,6,39,0.816,0.8915847665847667,0.7380952380952381,0.6694444444444445,24,6,5,7
Atezo,BLCA,KIRC,loose,norm-node,0.05,7,39,0.776,0.869538077403246,0.5952380952380952,0.5782493368700266,18,11,6,7
Atezo,BLCA,KIRC,loose,norm-node,0.05,8,39,0.744,0.8327283726557775,0.5476190476190477,0.5542521994134897,18,13,6,5
Atezo,BLCA,KIRC,loose,norm-node,0.05,9,39,0.752,0.8398926654740608,0.5952380952380952,0.6,20,12,5,5
Atezo,BLCA,KIRC,loose,norm-node,0.05,10,39,0.832,0.8751646903820817,0.5238095238095238,0.5216346153846154,15,11,9,7
Atezo,BLCA,KIRC,loose,norm-node,0.05,11,39,0.76,0.8341523341523343,0.5714285714285714,0.5416666666666666,18,12,6,6
Atezo,BLCA,KIRC,loose,norm-node,0.05,12,39,0.808,0.8941318814277072,0.5714285714285714,0.5894428152492668,17,14,4,7
Atezo,BLCA,KIRC,loose,norm-node,0.05,13,39,0.704,0.8064125831820932,0.7619047619047619,0.6920821114369502,26,5,5,6
Atezo,BLCA,KIRC,loose,norm-node,0.05,14,39,0.76,0.8641269841269841,0.6190476190476191,0.653061224489796,20,8,8,6
Atezo,BLCA,KIRC,loose,norm-node,0.05,15,39,0.768,0.8236579275905118,0.5,0.4615384615384615,16,13,8,5
Atezo,BLCA,KIRC,loose,norm-node,0.05,16,39,0.792,0.877757901013715,0.6428571428571429,0.68125,21,11,4,6
Atezo,BLCA,KIRC,loose,norm-node,0.05,17,39,0.784,0.8461538461538461,0.5238095238095238,0.528125,19,13,7,3
Atezo,BLCA,KIRC,loose,norm-node,0.05,18,39,0.784,0.8632837750484809,0.6190476190476191,0.6222222222222222,20,7,9,6
Atezo,BLCA,KIRC,loose,norm-node,0.05,19,39,0.824,0.914004914004914,0.5238095238095238,0.5194444444444445,17,13,7,5
Atezo,BLCA,KIRC,loose,norm-node-matched-random,0.05,0,39,0.784,0.8726591760299625,0.6190476190476191,0.6551724137931034,16,13,3,10
Atezo,BLCA,KIRC,loose,norm-node-matched-random,0.05,1,39,0.792,0.8613595706618962,0.5714285714285714,0.54375,20,12,6,4
Atezo,BLCA,KIRC,loose,norm-node-matched-random,0.05,2,39,0.808,0.8866707616707616,0.6904761904761905,0.6972222222222222,22,8,5,7
Atezo,BLCA,KIRC,loose,norm-node-matched-random,0.05,3,39,0.792,0.8975436328377504,0.6904761904761905,0.7037037037037037,20,7,6,9
Atezo,BLCA,KIRC,loose,norm-node-matched-random,0.05,4,39,0.808,0.9088888888888889,0.5,0.45918367346938777,17,11,10,4
Atezo,BLCA,KIRC,loose,norm-node-matched-random,0.05,5,39,0.8,0.87879767291532,0.5476190476190477,0.5728395061728395,15,12,7,8
Atezo,BLCA,KIRC,loose,norm-node-matched-random,0.05,6,39,0.752,0.8748439450686641,0.47619047619047616,0.5172413793103449,15,14,8,5
Atezo,BLCA,KIRC,loose,norm-node-matched-random,0.05,7,39,0.84,0.9329159212880144,0.40476190476190477,0.45625,15,17,8,2
Atezo,BLCA,KIRC,loose,norm-node-matched-random,0.05,8,39,0.776,0.8581124757595345,0.6904761904761905,0.7234567901234568,16,11,2,13
Atezo,BLCA,KIRC,loose,norm-node-matched-random,0.05,9,39,0.776,0.865,0.5714285714285714,0.4747474747474747,20,13,5,4
Atezo,BLCA,KIRC,loose,norm-node-matched-random,0.05,10,39,0.76,0.8640429338103757,0.5952380952380952,0.534375,23,9,8,2
Atezo,BLCA,KIRC,loose,norm-node-matched-random,0.05,11,39,0.808,0.8790476190476191,0.5714285714285714,0.5841836734693877,19,9,9,5
Atezo,BLCA,KIRC,loose,norm-node-matched-random,0.05,12,39,0.696,0.840045377197958,0.6190476190476191,0.3935185185185185,25,11,5,1
Atezo,BLCA,KIRC,loose,norm-node-matched-random,0.05,13,39,0.824,0.9057142857142857,0.5,0.4387755102040817,17,11,10,4
Atezo,BLCA,KIRC,loose,norm-node-matched-random,0.05,14,39,0.824,0.9094736842105263,0.6428571428571429,0.6430205949656751,14,9,6,13
Atezo,BLCA,KIRC,loose,norm-node-matched-random,0.05,15,39,0.792,0.8784126984126983,0.6428571428571429,0.6505102040816326,18,10,5,9
Atezo,BLCA,KIRC,loose,norm-node-matched-random,0.05,16,39,0.736,0.8479427549194991,0.5476190476190477,0.47187500000000004,20,12,7,3
Atezo,BLCA,KIRC,loose,norm-node-matched-random,0.05,17,39,0.784,0.9038697788697788,0.5238095238095238,0.5277777777777777,20,10,10,2
Atezo,BLCA,KIRC,loose,norm-node-matched-random,0.05,18,39,0.792,0.8615873015873017,0.6904761904761905,0.6964285714285714,22,6,7,7
Atezo,BLCA,KIRC,loose,norm-node-matched-random,0.05,19,39,0.776,0.8786523553965415,0.6428571428571429,0.553125,24,8,7,3
